{"phase_arr": [-0.21425663723518193, -0.2142586793781235, -0.2142465436062347, -0.21425681600101737, -0.21424707987512068, -0.21424663298435778, -0.21425499155327962, -0.21425807892892926, -0.2142547234077682, -0.21425769615846793, -0.2142590621509749, -0.21425070338236643, -0.21425627970362604, -0.21425627970362604, -0.21425681600101737, -0.214258436464081, -0.21425150780414173, -0.2142586152317168, -0.21425445526234663, -0.21425150780414173, -0.21425400835350783, -0.21425850061082308, -0.21425717353281137, -0.21425805369274925, -0.21425717353281137, -0.21425627970362604, -0.21374814941016312, -0.21425454464414362, -0.10012464762582764, -0.21425627970362604, -0.21424152908841684, -0.21425088214135307, -0.21425400835350783, -0.21425915144850283, -0.21425784765186914, -0.2142547234077682, -0.21425839958091822, -0.2142571730564586, -0.2142509715084156, -0.21425852584789234, -0.2142568160000759, -0.2142563690864992, -0.21425454464414362, -0.21424152844418098, -0.21425814307634455, -0.21425805369274925, -0.2142541871170137, -0.08424906301685221, -0.21424170783971389, -0.21423557053253225, -0.2142509715166091, -0.21424663298435778, -0.2142515971843883, -0.21424161846406117, -0.2142586793781235, -0.21425897276710307, -0.21425787492558815, -0.2142514184239053, -0.21425490059081714, -0.21424170783971389, -0.21425787492558815, -0.11902351960271133, -0.21425805369274925, -0.21425708414984804, -0.21425499155103203, -0.21424161846406117, -0.021093197251296734, -0.21424690064280577, -0.21425681600101737, -0.21425672661809497, -0.21424681174063478, -0.21425400830000782, -0.21424161845959266, -0.2142513290414316, -0.2142547234077682, -0.105480349427252, -0.21425663723518193, -0.21424161846406117, -0.08320937837469554, -0.21425717353281137, -0.2142571735090443, -0.21425400748061532, -0.21425079241095785, -0.21425663723479374, -0.21425391897064852, -0.2142548127895959, -0.21425400835350783, -0.21425106090305687, -0.21425841122718906, -0.2142588833832404, -0.21425436470304726, -0.21425832184356447, -0.21425645846938415, -0.21424143961202557, -0.21425409773525622, -0.21424663298435778, -0.21424707987512068, -0.21425663723518193, -0.21425627970362604, -0.21424681174063478], "pos": [[2.581275084089183e-09, 0.0, -0.0008358443999980798], [-3.871912626113751e-09, -2.5812750840758407e-09, -0.0008358443999937355], [-6.453187710161593e-10, 5.807868939145459e-09, -0.0008358443999901265], [-1.290637542046083e-09, 1.290637542046083e-09, -0.0008358443999990392], [-4.517231397128749e-09, 1.935956313055203e-09, -0.0008358443999930086], [5.162550168139762e-09, -1.2906375420349404e-09, -0.0008358443999918128], [-1.935956313046266e-09, -5.807868939138751e-09, -0.0008358443999891672], [4.517231397102744e-09, 4.517231397102744e-09, -0.0008358443999882034], [0.0, -3.871912626122679e-09, -0.0008358443999956602], [4.517231397118405e-09, 3.2265938550845507e-09, -0.0008358443999910841], [-2.5812750840832464e-09, -2.5812750840832464e-09, -0.0008358443999961389], [6.453187710161593e-10, 5.807868939145459e-09, -0.0008358443999901265], [2.5812750840654066e-09, 5.162550168130813e-09, -0.0008358443999903569], [5.162550168130813e-09, 2.5812750840654066e-09, -0.0008358443999903569], [-1.290637542046083e-09, 1.290637542046083e-09, -0.0008358443999990392], [1.935956313066344e-09, 1.935956313066344e-09, -0.0008358443999978252], [0.0, -5.162550168142732e-09, -0.0008358443999922979], [6.453187710236066e-10, 6.453187710236066e-10, -0.000835844399999766], [1.935956313066344e-09, -1.935956313066344e-09, -0.0008358443999978252], [-5.162550168142732e-09, 0.0, -0.0008358443999922979], [5.162550168139762e-09, 1.2906375420349404e-09, -0.0008358443999918128], [-2.5812750840877206e-09, -1.2906375420438603e-09, -0.0008358443999975949], [-1.2906375420401347e-09, -3.871912626120415e-09, -0.0008358443999951797], [1.9359563130685765e-09, 6.45318771022861e-10, -0.0008358443999987905], [-1.2906375420401347e-09, -3.871912626120415e-09, -0.0008358443999951797], [5.162550168130813e-09, 2.5812750840654066e-09, -0.0008358443999903569], [0.0, 0.0, -0.0004189643999999974], [-2.5812750840877206e-09, 1.2906375420438603e-09, -0.0008358443999975949], [-2.204705028179849e-09, -1.1651141900745457e-09, -0.0008358443999975481], [2.5812750840654066e-09, 5.162550168130813e-09, -0.0008358443999903569], [-2.5812750840654066e-09, 5.162550168130813e-09, -0.0008358443999903569], [-1.3212137431588859e-09, 3.841336424994239e-09, -0.0008358443999939842], [5.162550168139762e-09, 1.2906375420349404e-09, -0.0008358443999918128], [-4.602522905466919e-09, -3.3794748606746575e-09, -0.0008358443999887827], [-3.715813073007984e-09, 6.260074860889387e-10, -0.0008358443999937713], [-3.871912626122679e-09, 0.0, -0.0008358443999956602], [-2.5539174304410206e-09, 1.2085645811211988e-09, -0.0008358443999953349], [-4.895410726755285e-09, -1.6318035755850998e-09, -0.0008358443999913642], [-2.9063483800937272e-09, 5.214046927815469e-09, -0.000835844399984864], [1.290637542046083e-09, 1.290637542046083e-09, -0.0008358443999990392], [4.1519262574814557e-10, -1.0717763129709378e-09, -0.0008358443999984641], [4.517231397128749e-09, 1.935956313055203e-09, -0.0008358443999930086], [-2.5812750840877206e-09, 1.2906375420438603e-09, -0.0008358443999975949], [-2.9288782125995346e-09, 3.7721376540207445e-09, -0.0008358443999917854], [1.2906375420468289e-09, 0.0, -0.0008358443999995177], [6.45318771022861e-10, 1.9359563130685765e-09, -0.0008358443999987905], [0.0, 3.871912626122679e-09, -0.0008358443999956602], [-6.036385810650299e-09, 2.164473184567281e-09, -0.0008358443999871259], [3.871912626102616e-09, -3.871912626102616e-09, -0.0008358443999913339], [-4.517231397102744e-09, 4.517231397102744e-09, -0.0008358443999882034], [3.5066074864057604e-09, -2.862897989090592e-09, -0.0008358443999909348], [-1.2906375420349404e-09, 5.162550168139762e-09, -0.0008358443999918128], [-5.807868939145459e-09, -6.453187710161593e-10, -0.0008358443999901265], [4.517231397118405e-09, -3.2265938550845507e-09, -0.0008358443999910841], [-3.871912626113751e-09, -2.5812750840758407e-09, -0.0008358443999937355], [-1.935956313066344e-09, -1.935956313066344e-09, -0.0008358443999978252], [1.9359563130618784e-09, 3.226593855103129e-09, -0.0008358443999959084], [-4.517231397134002e-09, 6.453187710191408e-10, -0.0008358443999939842], [-2.574837989093803e-09, -3.8783497210771525e-09, -0.0008358443999913307], [-3.871912626102616e-09, 3.871912626102616e-09, -0.0008358443999913339], [3.226593855103129e-09, 1.9359563130618784e-09, -0.0008358443999959084], [-3.0785406706420984e-09, 5.817524581541681e-09, -0.000835844399983469], [6.45318771022861e-10, 1.9359563130685765e-09, -0.0008358443999987905], [-6.453187710213768e-10, -3.2265938551068933e-09, -0.0008358443999968662], [-2.875772179035448e-09, -6.042822905614809e-09, -0.0008358443999858351], [-3.2265938550845507e-09, 4.517231397118405e-09, -0.0008358443999910841], [-1.5062802236192165e-09, -7.531401118096083e-10, -0.00041896439999718763], [-4.420674972472386e-09, 4.420674972472386e-09, -0.0008358443999863991], [1.290637542046083e-09, -1.290637542046083e-09, -0.0008358443999990392], [-6.45318771022861e-10, 1.9359563130685765e-09, -0.0008358443999987905], [3.871912626113751e-09, -2.5812750840758407e-09, -0.0008358443999937355], [5.014496983751387e-09, 2.623116201368762e-09, -0.0008358443999889899], [3.402004693089739e-09, -3.1026797768632055e-09, -0.0008358443999923363], [-4.929205475348417e-09, 1.4081145252833267e-09, -0.0008358443999909296], [-3.871912626122679e-09, 0.0, -0.0008358443999956602], [-1.4483463684221333e-11, 2.428394078466278e-09, -0.0008358443999952272], [2.581275084089183e-09, 0.0, -0.0008358443999980798], [-3.2265938550845507e-09, 4.517231397118405e-09, -0.0008358443999910841], [-5.323477542431142e-09, 2.742202458371469e-09, -0.0008358443999884921], [-1.2906375420401347e-09, -3.871912626120415e-09, -0.0008358443999951797], [-1.7106579890147167e-09, -2.8918649165160732e-09, -0.0008358443999955476], [5.1496759791885294e-11, 