{"phase_arr": [-0.21425654785227802, -0.1928772103876374, -0.21425823245995007, -0.21425805369274925, -0.21425708414984804, -0.21425879399939035, -0.21425787492558815, -0.17894326732949697, -0.08424987025047402, -0.21425796430916344, -0.21425805369274925, -0.2142588833832404, -0.21425699476689516, -0.21425409773525622, -0.2142513290436788, -0.2142572629157827, -0.21425672661809497, -0.2142586793781235, -0.2142508821426922, -0.2142590621509749, -0.21425915153485658, -0.21425825769648552, -0.21424707987512068, -0.19379945761564737, -0.2142469011187864, -0.21424681174063478, -0.2142586793781235, -0.214258436464081, -0.21425825769648552, -0.2142586152317168, -0.2142508821426922, -0.21425699476689516, -0.21425699476689516, -0.21425787492558815, -0.2142543658805588, -0.2142508821426922, -0.21425106090305687, -0.2142541871170137, -0.21374814941016312, -0.21374814941016312, -0.21425454328383386, -0.21425454464414256, -0.21425454464414362, -0.2142469011187864, -0.21425106090305687, -0.16811703349241305, -0.051368938471474675, -0.21425861521163195, -0.21425645846938415, -0.2142469011187864, -0.21424681174063478, -0.21425823245995007, -0.21424681174063478, -0.21425115028325398, -0.07535945249689313, -0.21425654785227802, -0.21425915153485658, -0.21425699476689516, -0.2142513290436788, -0.21425427649878184, -0.12918724691719086, -0.21425805364738534, -0.21425106090305687, -0.21425699476689516, -0.21425406492091387, -0.21425823245995007, -0.21425787486296918, -0.21425106090305687, -0.21425814307634455, -0.2142548099638583, -0.2142509715212833, -0.2142586793781235, -0.21425106090305687, -0.2142469011187864, -0.19957877353642212, -0.2142543658805588, -0.21425823245995007, -0.20027625535883228, -0.2142511199978105, -0.21424681174063478, -0.21425879324781716, -0.21425717353281137, -0.21425132888162374, -0.2142469011187864, -0.2142513290436788, -0.21425814307634455, -0.2142543658805588, -0.1311925114351079, -0.21425409773525622, -0.21425472095419168, -0.21425852584789234, -0.21425681600101737, -0.21425708231996088, -0.21425436585679727, -0.2142469011187864, -0.21425463402595157, -0.21425690538395187, -0.21425115028325398, -0.13323322743181598, -0.21425852584789234], "pos": [[3.2265938551068933e-09, 6.453187710213768e-10, -0.0008358443999968662], [3.3215410059383255e-09, -2.587712179039497e-09, -0.0008358443999934565], [-6.453187710236066e-10, 6.453187710236066e-10, -0.000835844399999766], [1.9359563130685765e-09, 6.45318771022861e-10, -0.0008358443999987905], [-6.453187710213768e-10, -3.2265938551068933e-09, -0.0008358443999968662], [-6.453187710236066e-10, -6.453187710236066e-10, -0.000835844399999766], [1.9359563130618784e-09, 3.226593855103129e-09, -0.0008358443999959084], [2.570010167867053e-09, -3.5323558662912935e-09, -0.0008358443999932897], [-6.681704581636231e-09, -3.0479644695616163e-09, -0.0008358443999838216], [1.2906375420438603e-09, 2.5812750840877206e-09, -0.0008358443999975949], [6.45318771022861e-10, 1.9359563130685765e-09, -0.0008358443999987905], [-1.290637542046083e-09, -1.290637542046083e-09, -0.0008358443999990392], [-2.581275084089183e-09, 0.0, -0.0008358443999980798], [4.517231397134002e-09, 6.453187710191408e-10, -0.0008358443999939842], [-3.871912626120415e-09, 1.2906375420401347e-09, -0.0008358443999951797], [-1.935956313055203e-09, -4.517231397128749e-09, -0.0008358443999930086], [-6.45318771022861e-10, 1.9359563130685765e-09, -0.0008358443999987905], [-3.871912626113751e-09, -2.5812750840758407e-09, -0.0008358443999937355], [-6.453187710191408e-10, 4.517231397134002e-09, -0.0008358443999939842], [-2.5812750840832464e-09, -2.5812750840832464e-09, -0.0008358443999961389], [-3.226593855095675e-09, -3.226593855095675e-09, -0.0008358443999939842], [3.226593855095675e-09, 3.226593855095675e-09, -0.0008358443999939842], [-4.517231397128749e-09, 1.935956313055203e-09, -0.0008358443999930086], [-2.581275084060975e-09, -5.342788827348501e-09, -0.0008358443999889385], [-3.226593855095675e-09, 3.226593855095675e-09, -0.0008358443999939842], [3.871912626113751e-09, -2.5812750840758407e-09, -0.0008358443999937355], [-2.5812750840758407e-09, -3.871912626113751e-09, -0.0008358443999937355], [1.935956313066344e-09, 1.935956313066344e-09, -0.0008358443999978252], [3.226593855095675e-09, 3.226593855095675e-09, -0.0008358443999939842], [6.453187710236066e-10, 6.453187710236066e-10, -0.000835844399999766], [4.517231397134002e-09, -6.453187710191408e-10, -0.0008358443999939842], [0.0, -2.581275084089183e-09, -0.0008358443999980798], [-2.581275084089183e-09, 0.0, -0.0008358443999980798], [3.226593855103129e-09, 1.9359563130618784e-09, -0.0008358443999959084], [-1.2906375420438603e-09, 2.5812750840877206e-09, -0.0008358443999975949], [-6.453187710191408e-10, 4.517231397134002e-09, -0.0008358443999939842], [-1.9359563130618784e-09, 3.226593855103129e-09, -0.0008358443999959084], [3.871912626122679e-09, 0.0, -0.0008358443999956602], [0.0, 0.0, -0.0004189643999999974], [0.0, 0.0, -0.0004189643999999974], [1.7702011175958304e-11, -2.0357312851438622e-09, -0.0008358443999973866], [1.2391407822608082e-09, -2.9417524025554935e-09, -0.0008358443999966131], [1.2906375420438603e-09, -2.5812750840877206e-09, -0.0008358443999975949], [3.226593855095675e-09, -3.226593855095675e-09, -0.0008358443999939842], [-1.9359563130618784e-09, 3.226593855103129e-09, -0.0008358443999959084], [-6.363068380523779e-09, 1.3035117319741437e-09, -0.0008358443999876814], [-1.5127173185984847e-10, 1.0589021230189382e-09, -0.00041896439999858587], [-3.2346402237742e-10, 1.0605113967654747e-09, -0.00083584439999847], [1.2906375420401347e-09, 3.871912626120415e-09, -0.0008358443999951797], [-3.226593855095675e-09, 3.226593855095675e-09, -0.0008358443999939842], [3.871912626113751e-09, -2.5812750840758407e-09, -0.0008358443999937355], [-6.453187710236066e-10, 6.453187710236066e-10, -0.000835844399999766], [-2.5812750840758407e-09, 3.871912626113751e-09, -0.0008358443999937355], [2.5812750840832464e-09, -2.5812750840832464e-09, -0.0008358443999961389], [-5.955922123490522e-09, 2.460579553315398e-09, -0.0008358443999871559], [3.2265938551068933e-09, 6.453187710213768e-10, -0.0008358443999968662], [-3.226593855095675e-09, -3.226593855095675e-09, -0.0008358443999939842], [-2.581275084089183e-09, 0.0, -0.0008358443999980798], [1.2906375420401347e-09, -3.871912626120415e-09, -0.0008358443999951797], [-6.453187710213768e-10, 3.2265938551068933e-09, -0.0008358443999968662], [-4.686205140101e-09, 5.7386701681299205e-09, -0.0008358443999831886], [1.0572928492823493e-09, 9.38206592284595e-10, -0.0008358443999985734], [-1.9359563130618784e-09, 3.226593855103129e-09, -0.0008358443999959084], [0.0, -2.581275084089183e-09, -0.0008358443999980798], [-1.6108830169177684e-09, 4.674940223936846e-09, -0.0008358443999914669], [6.453187710236066e-10, -6.453187710236066e-10, -0.000835844399999766], [3.226593855103129e-09, 1.0379815643598656e-09, -0.0008358443999959084], [-1.9359563130618784e-09, 3.226593855103129e-09, -0.0008358443999959084], [1.2906375420468289e-09, 0.0, -0.0008358443999995177], [-1.9745788828830437e-09, -4.327337095429387e-09, -0.0008358443999922059], [-1.6334128493273995e-09, 4.671721676453983e-09, -0.0008358443999919005], [-2.5812750840744336e-09, -4.007091620537465e-09, -0.0008358443999932816], [-1.9359563130618784e-09, 3.226593855103129e-09, -0.0008358443999959084], [-3.226593855095675e-09, 3.226593855095675e-09, -0.0008358443999939842], [-1.7396249163639858e-09, -7.014824246458691e-09, -0.0008358443999836185], [2.5812750840877206e-09, -1.2906375420438603e-09, -0.0008358443999975949], [-6.453187710236066e-10, 6.453187710236066e-10, -0.000835844399999766], [-1.4097237990388444e-09, 2.0212478214472385e-09, -0.0008358443999969843], [2.1467711734223837e-09, -1.277763352094583e-09, -0.0008358443999971196], [3.871912626113751e-09, -2.5812750840758407e-09, -0.0008358443999937355], [-1.6977837990685622e-09, -6.453187710223894e-10, -0.0008358443999981943], [-3.871912626120415e-09, -1.2906375420401347e-09, 