{"phase_arr": [-0.21425805369274925, -0.21425681600101737, -0.11080026165852598, -0.21425823245995007, -0.21425850061082308, -0.21425454464414362, -0.21425699476689516, -0.21425805369274925, -0.21425823245995007, -0.21425454464414362, -0.08307595429560562, -0.21425814307634455, -0.21425879399939035, -0.21425850061082308, -0.1441292547303222, -0.08587591450607612, -0.21425681600101737, -0.21425699476689516, -0.21425663723518193, -0.21425841122718906, -0.21425823245995007, -0.21425681600101737, -0.21374814941016312, -0.21425841122271386, -0.21425832184356447, -0.21425672920950456, -0.2142569947668946, -0.21425663723518193, -0.21425841122718906, -0.21425672661809497, -0.21425690538395187, -0.21425681600101737, -0.21425879399939035, -0.2142581430484447, -0.21425796430916344, -0.21425796430916344, -0.21425850061082308, -0.21425832184356447, -0.09051273183900795, -0.21425663723518193, -0.1078534574335427, -0.21425672655548758, -0.21425841122718906, -0.21425814307634455, -0.2142586152317168, -0.2142586152317168, -0.21425690538395187, -0.21425832184356447, -0.07417407508073944, -0.21425445526234663, -0.11109083840677465, -0.21425897276710307, -0.21425841122718906, -0.21425805369274925, -0.10188452631942739, -0.21425454464414362, -0.21425841122718906, -0.21425805369274925, -0.21425672661809497, -0.21425832184356447, -0.21425832184356447, -0.21425814307634455, -0.21425841122718906, -0.21425879399939035, -0.2142588833832404, -0.21425805343378027, -0.21425699476689516, -0.21425814171563531, -0.21425823245995007, -0.21425823245995007, -0.04355377748042622, -0.21425454181831488, -0.21425445526234663, -0.21425814307634455, -0.21425680632844948, -0.21425823245995007, -0.21425435759783898, -0.214258436464081, -0.21425823245995007, -0.21425879399939035, -0.21425823204989206, -0.2142561129034995, -0.21425663723518193, -0.21425843636318875, -0.21425823245995007, -0.21425852584789234, -0.1051184225727605, -0.21425823245995007, -0.2142543658805588, -0.21425690538395187, -0.21425805369274925, -0.21425850061082308, -0.21425830647233784, -0.21425879399939035, -0.21425445512402622, -0.21425832184356447, -0.08446863924636543, -0.21425690538395187, -0.08909475338785104, -0.21425879399939035], "pos": [[6.45318771022861e-10, 1.9359563130685765e-09, -0.0008358443999987905], [-1.290637542046083e-09, 1.290637542046083e-09, -0.0008358443999990392], [-1.4998431286613061e-09, -1.0074053632425922e-09, -0.0008358443999988049], [6.453187710236066e-10, -6.453187710236066e-10, -0.000835844399999766], [-2.5812750840877206e-09, -1.2906375420438603e-09, -0.0008358443999975949], [1.2906375420438603e-09, -2.5812750840877206e-09, -0.0008358443999975949], [0.0, -2.581275084089183e-09, -0.0008358443999980798], [1.9359563130685765e-09, 6.45318771022861e-10, -0.0008358443999987905], [6.453187710236066e-10, -6.453187710236066e-10, -0.000835844399999766], [1.2906375420438603e-09, -2.5812750840877206e-09, -0.0008358443999975949], [-1.0878690504008877e-09, 2.3785065924450985e-09, -0.0008358443999978218], [0.0, 1.2906375420468289e-09, -0.0008358443999995177], [-6.453187710236066e-10, -6.453187710236066e-10, -0.000835844399999766], [-1.2906375420438603e-09, -2.5812750840877206e-09, -0.0008358443999975949], [3.205673296445424e-09, 5.825570950367177e-10, -0.0008358443999968896], [-5.680736313499565e-10, -8.770541900439339e-10, -0.0008358443999995642], [-1.290637542046083e-09, 1.290637542046083e-09, -0.0008358443999990392], [-2.581275084089183e-09, 0.0, -0.0008358443999980798], [0.0, 2.581275084089183e-09, -0.0008358443999980798], [-1.9359563130685765e-09, -6.45318771022861e-10, -0.0008358443999987905], [6.453187710236066e-10, -6.453187710236066e-10, -0.000835844399999766], [-1.290637542046083e-09, 1.290637542046083e-09, -0.0008358443999990392], [0.0, 0.0, -0.0004189643999999974], [-1.017061005701433e-09, -1.5642140783895731e-09, -0.0008358443999986569], [-1.2906375420468289e-09, 0.0, -0.0008358443999995177], [-1.750889832595342e-09, 2.2111421231475275e-09, -0.0008358443999971477], [-9.333787710477079e-11, -2.767950838297326e-09, -0.000835844399997627], [0.0, 2.581275084089183e-09, -0.0008358443999980798], [-1.9359563130685765e-09, -6.45318771022861e-10, -0.0008358443999987905], [-6.45318771022861e-10, 1.9359563130685765e-09, -0.0008358443999987905], [6.45318771022861e-10, -1.9359563130685765e-09, -0.0008358443999987905], [-1.290637542046083e-09, 1.290637542046083e-09, -0.0008358443999990392], [-6.453187710236066e-10, -6.453187710236066e-10, -0.000835844399999766], [-5.664643576043056e-10, 1.573869720847847e-09, -0.0008358443999987736], [1.2906375420438603e-09, 2.5812750840877206e-09, -0.0008358443999975949], [1.2906375420438603e-09, 2.5812750840877206e-09, -0.0008358443999975949], [-2.5812750840877206e-09, -1.2906375420438603e-09, -0.0008358443999975949], [-1.2906375420468289e-09, 0.0, -0.0008358443999995177], [-2.4316126259718943e-09, -4.9887486039231184e-11, -0.0008358443999982101], [2.581275084089183e-09, 0.0, -0.0008358443999980798], [-3.0785406707294905e-09, -1.8619297208751418e-09, -0.0008358443999961294], [1.9359563130680604e-09, -9.446436872573804e-10, -0.0008358443999985686], [-1.9359563130684773e-09, -6.839413408594733e-10, -0.0008358443999987475], [1.2906375420468289e-09, 0.0, -0.0008358443999995177], [6.453187710236066e-10, 6.453187710236066e-10, -0.000835844399999766], [6.453187710236066e-10, 6.453187710236066e-10, -0.000835844399999766], [-1.9359563130685765e-09, 6.45318771022861e-10, -0.0008358443999987905], [-1.2906375420468289e-09, 0.0, -0.0008358443999995177], [-5.537510950231651e-09, 5.537510950231651e-09, -0.0008358443999818258], [1.935956313066344e-09, -1.935956313066344e-09, -0.0008358443999978252], [-8.722263688095702e-10, -3.6627070395066303e-09, -0.0008358443999955705], [-1.935956313066344e-09, -1.935956313066344e-09, -0.0008358443999978252], [-1.9359563130685765e-09, -6.45318771022861e-10, -0.0008358443999987905], [6.45318771022861e-10, 1.9359563130685765e-09, -0.0008358443999987905], [-5.487623464277481e-10, 4.227562123361713e-09, -0.0008358443999945966], [1.2906375420438603e-09, -2.5812750840877206e-09, -0.0008358443999975949], [-6.45318771022861e-10, -1.9359563130685765e-09, -0.0008358443999987905], [1.9359563130685765e-09, 6.45318771022861e-10, -0.0008358443999987905], [1.9359563130685765e-09, -6.45318771022861e-10, -0.0008358443999987905], [-1.2906375420468289e-09, 0.0, -0.0008358443999995177], [0.0, -1.2906375420468289e-09, -0.0008358443999995177], [1.2906375420468289e-09, 0.0, -0.0008358443999995177], [-1.9359563130685765e-09, -6.45318771022861e-10, -0.0008358443999987905], [-6.453187710236066e-10, -6.453187710236066e-10, -0.000835844399999766], [-1.290637542046083e-09, -1.290637542046083e-09, -0.0008358443999990392], [-5.391067039653296e-10, 1.8715853633378787e-09, -0.000835844399997608], [-2.581275084089183e-09, 0.0, -0.0008358443999980798], [5.632458101204006e-10, 3.6369586596311335e-10, -0.000835844399999383], [6.453187710236066e-10, -6.453187710236066e-10, -0.000835844399999766], [6.453187710236066e-10, -6.453187710236066e-10, -0.000835844399999766], [-2.8677258103739114e-09, -8.110739665712085e-10, -0.0004189643999970926], [-3.302229721018976e-09, 2.3141356426967122e-09, -0.0008358443999941573], [1.935956313066344e-09, -1.935956313066344e-09, -0.0008358443999978252], [1.2906375420468289e-09, 0.0, -0.0008358443999995177], [-2.6311625701222113e-09, 1.340525028079282e-09, -0.0008358443999969794], [6.453187710236066e-10, -6.453187710236066e-10, -0.000835844399999766], [8.110739665712085e-10, -1.622147933142417e-09, -0.0008358443999984834], [1.935956313066344e-09, 1.935956313066344e-09, -0.0008358443999978252], [-6.453187710236066e-10, 6.453187710236066e-10, -0.000835844399999766], [-6.453187710236066e-10, -6.453187710236066e-10, -0.000835844399999766], [-8.142925140588369e-10, 1.1522400001301696e-09, -0.0008358443999991968], [-2.7663415645518567e-09, -1.1055710615765404e-09, -0.0008358443999968931], [0.0, 2.581275084089183e-09, -0.0008358443999980798], 