{"phase_arr": [-0.2060506181342195, -0.21425823245995007, -0.21425832184356447, -0.21425841122718906, -0.21425841122718906, -0.21425823245995007, -0.21425805369274925, -0.21425814307634455, -0.21425690538395187, -0.21425823245995007, -0.21425852584789234, -0.2142568159922636, -0.21425690538395187, -0.21425888303142854, -0.21425690538395187, -0.16694737904909934, -0.21425681600101737, -0.21425805369274925, -0.21425852584789234, -0.21425814307634455, -0.21425852584789234, -0.21425690538395187, -0.11705709961368342, -0.21425681600101737, -0.21425814307634455, -0.21425690538395187, -0.21425832184356447, -0.21425814307634455, -0.08909610849375636, -0.21425814307634455, -0.21425832184356447, -0.20693518816384462, -0.21374814941016312, -0.21425841117367045, -0.21425823245995007, -0.21425841122718906, -0.21374814941016312, -1.223058040737625, -0.21425888251022673, -0.21425823245995007, -0.21425814307634455, -0.21425814259997067, -0.21423322175036047, -0.21425805369274925, -0.21425681600101737, -0.21425823245967943, -0.21425814251976572, -0.21425814259997067, -0.21425823245995007, -0.1685287556884456, -0.21425832184356447, -0.21425852584789234, -0.21425814307634455, -0.21425690538395187, -0.16852852607112087, -0.21425672614177105, -0.21425823245995007, -0.2142586152317168, -0.21395442321756522, -0.21425832184356447, -0.17012704808611176, -0.2142541697379891, -0.21425823245995007, -0.21425681600101737, -0.21374814941016312, -0.21425805369274925, -0.21425681600101737, -0.21425861475532626, -0.21425672661809497, -0.21425888290683306, -0.21425805369274925, -0.21425841122718906, -0.21425690538395187, -0.2142584024035431, -0.16852890914549315, -0.21425805369274925, -0.21374814941016312, -0.21425823245995007, -0.21374814941016312, -0.21425327902684535, -0.21425832184356447, -0.21425690490761665, -0.21425805369274925, -0.2142586152317168, -0.21425841122718906, -0.21425672661809497, -0.21425832184356447, -0.21374814941016312, -0.2142559700995742, -0.21425681600101737, -0.21425207403143148, -0.21425672661809497, -0.21425681600101737, -0.21425672661809497, -0.21425852584789234, -0.21425841122718906, -0.21425823245995007, -0.21424751488862873, -0.21425681600101737, -0.21425832184356447], "pos": [[5.310603352557199e-11, -1.7702011175190665e-11, -0.0004189643999999646], [6.453187710236066e-10, -6.453187710236066e-10, -0.000835844399999766], [-1.2906375420468289e-09, 0.0, -0.0008358443999995177], [-1.9359563130685765e-09, -6.45318771022861e-10, -0.0008358443999987905], [-6.45318771022861e-10, -1.9359563130685765e-09, -0.0008358443999987905], [6.453187710236066e-10, -6.453187710236066e-10, -0.000835844399999766], [6.45318771022861e-10, 1.9359563130685765e-09, -0.0008358443999987905], [0.0, 1.2906375420468289e-09, -0.0008358443999995177], [6.45318771022861e-10, -1.9359563130685765e-09, -0.0008358443999987905], [6.453187710236066e-10, -6.453187710236066e-10, -0.000835844399999766], [1.290637542046083e-09, 1.290637542046083e-09, -0.0008358443999990392], [-1.5513398884426254e-09, 1.5513398884426254e-09, -0.0008358443999984508], [6.45318771022861e-10, -1.9359563130685765e-09, -0.0008358443999987905], [-1.8088236873526356e-09, -1.5062802236322388e-09, -0.0008358443999981135], [-1.9359563130685765e-09, 6.45318771022861e-10, -0.0008358443999987905], [-1.633412849347311e-09, 6.453187710230353e-10, -0.0008358443999990157], [-1.290637542046083e-09, 1.290637542046083e-09, -0.0008358443999990392], [6.45318771022861e-10, 1.9359563130685765e-09, -0.0008358443999987905], [1.290637542046083e-09, 1.290637542046083e-09, -0.0008358443999990392], [1.2906375420468289e-09, 0.0, -0.0008358443999995177], [1.290637542046083e-09, 1.290637542046083e-09, -0.0008358443999990392], [6.292260335908692e-10, -1.984234525364191e-09, -0.0008358443999987124], [-8.93146927475476e-10, 8.93146927475476e-10, -0.0008358443999992928], [1.290637542046083e-09, -1.290637542046083e-09, -0.0008358443999990392], [1.2906375420468289e-09, 0.0, -0.0008358443999995177], [6.45318771022861e-10, -1.9359563130685765e-09, -0.0008358443999987905], [-1.2906375420468289e-09, 0.0, -0.0008358443999995177], [1.2906375420468289e-09, 0.0, -0.0008358443999995177], [-1.136147262698877e-09, -1.2391407822637403e-09, -0.0008358443999990968], [0.0, 1.2906375420468289e-09, -0.0008358443999995177], [-1.2906375420468289e-09, 0.0, -0.0008358443999995177], [-1.6092737431991514e-11, -4.827821229597454e-11, -0.0004189643999999676], [0.0, 0.0, -0.0004189643999999974], [-9.414251397714454e-10, -1.6720354191838546e-09, -0.0008358443999987666], [-6.453187710236066e-10, 6.453187710236066e-10, -0.000835844399999766], [-6.45318771022861e-10, -1.9359563130685765e-09, -0.0008358443999987905], [0.0, 0.0, -0.0004189643999999974], [-1.1570678213597751e-09, -1.1570678213597751e-09, -0.0004189643999989414], [-1.4676576537960482e-09, -1.8216978772986402e-09, -0.0008358443999981805], [-6.453187710236066e-10, 6.453187710236066e-10, -0.000835844399999766], [0.0, 1.2906375420468289e-09, -0.0008358443999995177], [-3.4116603355831863e-10, 1.2906375420466316e-09, -0.0008358443999993913], [6.598022347117412e-11, -8.851005587598901e-11, -0.0008358443999990517], [1.9359563130685765e-09, 6.45318771022861e-10, -0.0008358443999987905], [-1.3067302794780655e-09, 1.2423593297501002e-09, -0.0008358443999990327], [4.489873743530798e-10, -4.489873743530798e-10, -0.000835844399999766], [-3.4277530730171474e-10, 9.510807822315134e-10, -0.0008358443999995159], [1.1200545252676168e-09, 1.7058301677930705e-10, -0.0008358443999995867], [6.453187710236066e-10, -6.453187710236066e-10, -0.000835844399999766], [1.5288100560409584e-10, -8.319945252346341e-10, -0.0008358443999995746], [0.0, -1.2906375420468289e-09, -0.0008358443999995177], [1.290637542046083e-09, 1.290637542046083e-09, -0.0008358443999990392], [0.0, 1.2906375420468289e-09, -0.0008358443999995177], [-1.9359563130685765e-09, 6.45318771022861e-10, -0.0008358443999987905], [1.1586770951020941e-10, -7.949812291407813e-10, -0.0008358443999994849], [1.7428434638841943e-09, -1.1795976537638645e-09, -0.0008358443999984544], [6.453187710236066e-10, -6.453187710236066e-10, -0.000835844399999766], [6.453187710236066e-10, 6.453187710236066e-10, -0.000835844399999766], [2.188612290745253e-10, -2.735765363438354e-10, -0.0008358443999991996], [0.0, -1.2906375420468289e-09, -0.0008358443999995177], [3.1058983243752164e-10, -2.27390379913876e-09, -0.0008358443999983081], [7.885441341717652e-11, 1.2117831286293768e-09, -0.0008358443999993281], [6.453187710236066e-10, -6.453187710236066e-10, -0.000835844399999766], [-1.290637542046083e-09, 1.290637542046083e-09, -0.0008358443999990392], [0.0, 0.0, -0.0004189643999999974], [1.9359563130685765e-09, 6.45318771022861e-10, -0.0008358443999987905], [-1.290637542046083e-09, 1.290637542046083e-09, -0.0008358443999990392], [4.747357542442959e-10, 1.3356972068577952e-10, -0.0008358443999996971], [1.9359563130685765e-09, -6.45318771022861e-10, -0.0008358443999987905], [-1.5046709498907861e-09, -1.417770167758153e-09, -0.0008358443999987028], [1.9359563130685765e-09, 6.45318771022861e-10, -0.0008358443999987905], [-6.45318771022861e-10, -1.9359563130685765e-09, -0.0008358443999987905], [-1.9359563130685765e-09, 6.45318771022861e-10, -0.0008358443999987905], [-1.594790279505746e-09, -1.7331878214239067e-09, -0.000835844399997778], [-2.528169050548073e-09, -3.07532212323657e-09, -0.0008358443999945668], [6.453187710228797e-10, 1.9037708382046115e-09, -0.0008358443999988154], [0.0, 0.0, -0.0004189643999999974], [6.453187710236066e-10, -6.453187710236066e-10, -0.000835844399999766], [0.0, 0.0, -0.0004189643999999974], [-1.504670949890484e-09, -4.843913967031773e-10, -0.0008358443999989674], [0.0, -1.2906375420468289e-09, -0.0008358443999995177], [-2.2771223466248413e-09, 3.0415273746502874e-10, -0.0008358443999982848], [6.45318771022861e-10, 1.9359563130685765e-09, -0.0008358443999987905], [6.453187710236066e-10, 6.453187710236066e-10, -0.000835844399999766], [-1.9359563130685765e-09, -6.45318771022861e-10, 