{"phase_arr": [-0.21809496672935502, -0.21809740660786467, -0.21809740660786467, -0.21809926827318055, -0.21809758713025534, -0.21809505698934809, -0.21809953905956816, -0.21809496672935502, -0.21809914133710548, -0.21809953905956816, -0.21809514724941, -0.21809496672935502, -0.21809740660786467, -0.21809496672935502, -0.21809514724941, -0.2180988705514397, -0.19792807758233952, -0.2180988705514397, -0.21809923159902617, -0.21809514724941, -0.6586668936842419, -0.21808230091849629, -0.2180894259410436, -0.21807194595591686, -0.2180988705514397, -0.21808925179038097, -0.2180987802895231, -0.21809758713025534, -0.21809314246761752, -0.21809496672935502, -0.21809935853530954, -0.21808517745874922, -0.21808230091849629, -0.21809886892619015, -0.21809514724941, -0.21804320752409836, -0.2180986900276537, -0.21809740660786467, -0.2180020674884308, -0.21809962932169805, -0.21809923159902617, -0.21809923159902617, -0.2180881439892586, -0.2180865634250714, -0.19052048812413352, -0.21808850470579091, -0.21809926827318055, -0.2180968827384297, -0.2148890459428543, -0.21809695628986636, -0.21809492598981547, -0.21809740660786467, -2.816295195815122, -0.21809426481251565, -0.21809446147780892, -0.21809595675912008, -0.2180722272709703, -0.08476754557411727, -0.21809749686902585, -0.2173298054949136, -0.21809896081328317, -0.2180080076658241, -0.21808767623828262, -0.218094307630833, -0.13769904574966138, -0.21689133455326137, -0.21809749686902585, -0.21759075058507413, -0.21806034312318975, -0.21777614493616737, -0.21768708950559207, -0.21806042302452042, -0.2179888671238801, -0.21789662859946202, -0.21809749686902585, -0.21790979991416123, -0.21804356961231752, -0.21809505698839682, -0.21803158525783153, -0.08664180970198641, -0.2178756509093357, -0.2180971246346832, -0.20506113016397629, -0.2180988705514397, -0.21809731731257245, -0.21809373506682264, -0.21806670355612937, -0.08663413579819491, -0.21781048375416417, -0.21757798149513605, -0.21809905107523125, -0.21807880361348952, -0.21782806363752646, -0.218089402102734, -0.21807744566016807, -0.1905405984244336, -0.21809496672935502, -0.2180761438800495, -1.6444674245193633, -0.21809889089496567], "pos": [[2.574902360064542e-09, -1.287451180032271e-09, -0.0008337808439981007], [-6.437255900176363e-10, 1.9311767700527628e-09, -0.0008337808439990678], [-6.437255900176363e-10, 1.9311767700527628e-09, -0.0008337808439990678], [1.2874511800353165e-09, 1.2874511800353165e-09, -0.0008337808439991245], [6.437255900176363e-10, -1.9311767700527628e-09, -0.0008337808439990678], [1.9311767700472744e-09, -1.9311767700472744e-09, -0.0008337808439981575], [-6.437255900179398e-10, -6.437255900179398e-10, -0.0008337808439993706], [2.574902360064542e-09, -1.287451180032271e-09, -0.0008337808439981007], [-6.437255900176363e-10, -1.9311767700527628e-09, -0.0008337808439990678], [-6.437255900179398e-10, -6.437255900179398e-10, -0.0008337808439993706], [-2.574902360064542e-09, 1.287451180032271e-09, -0.0008337808439981007], [2.574902360064542e-09, -1.287451180032271e-09, -0.0008337808439981007], [-6.437255900176363e-10, 1.9311767700527628e-09, -0.0008337808439990678], [2.574902360064542e-09, -1.287451180032271e-09, -0.0008337808439981007], [-2.574902360064542e-09, 1.287451180032271e-09, -0.0008337808439981007], [0.0, 1.2874511800358418e-09, -0.0008337808439991929], [1.1784228839279488e-09, 2.8422510070161915e-09, -0.0008337808439966342], [1.2874511800358418e-09, 0.0, -0.0008337808439991929], [-2.574902360064542e-09, -1.287451180032271e-09, -0.0008337808439981007], [-2.574902360064542e-09, 1.287451180032271e-09, -0.0008337808439981007], [-1.7496989700182373e-09, -2.6999107444224236e-09, -0.00041690084399531916], [0.0, 0.0, -0.0004169008439997261], [-2.8014237320390676e-10, 3.968018454045104e-09, -0.0008337808439934874], [-1.8740475521636987e-09, -2.856460894281795e-11, -0.0008337808439974359], [1.2874511800358418e-09, 0.0, -0.0008337808439991929], [1.647896313032557e-09, -2.214457227063915e-09, -0.0008337808439981575], [1.9311767700527628e-09, 6.437255900176363e-10, -0.0008337808439990678], [-1.9311767700527628e-09, 6.437255900176363e-10, -0.0008337808439990678], [1.9311767700466876e-09, -2.46545565278581e-09, -0.0008337808439963603], [-1.287451180032271e-09, 2.574902360064542e-09, -0.0008337808439981007], [6.437255900179398e-10, 6.437255900179398e-10, -0.0008337808439993706], [-2.5161477756870814e-09, -3.913914670824897e-10, -0.0008337808439963192], [0.0, 0.0, -0.0004169008439997261], [9.276497565302475e-10, 7.196028470081184e-10, -0.0008337808439991929], [1.287451180032271e-09, -2.574902360064542e-09, -0.0008337808439981007], [-3.2034042204613084e-09, 2.2914448829854693e-10, -0.0008337808439961875], [1.287451180032271e-09, 2.574902360064542e-09, -0.0008337808439981007], [1.9311767700522417e-09, -7.248329866744791e-10, -0.0008337808439989312], [-2.886731333274469e-09, -1.8744337778610114e-09, -0.0008337808439956882], [-1.2874511800353165e-09, -1.2874511800353165e-09, -0.0008337808439991245], [-2.574902360064542e-09, -1.287451180032271e-09, -0.0008337808439981007], [-1.287451180032271e-09, -2.574902360064542e-09, -0.0008337808439981007], [-8.704561676968174e-10, 1.7044461923698191e-09, -0.0008337808439988114], [-2.370041812532235e-09, -1.0838458660386086e-09, -0.0008337808439960669], [1.1738203610257182e-09, -1.1363081900823807e-10, -0.0008337808439987754], [1.3462057643959947e-09, 3.101118781345195e-09, -0.0008337808439962736], [1.2874511800353165e-09, 1.2874511800353165e-09, -0.0008337808439991245], [2.1683354415921386e-10, 5.353088179377864e-10, -0.0008337808439991929], [-3.4101476182515805e-09, 5.15933162068027e-10, -0.0008337808439963615], [1.7553957990825265e-09, 1.0514994638091962e-10, -0.0008337808439990678], [7.337644559483396e-10, 2.574902360064542e-09, -0.0008337808439981347], [-6.437255900176363e-10, 1.9311767700527628e-09, -0.0008337808439990678], [-1.3351983319925256e-09, 9.511934313902417e-10, -0.00041690084399851815], [-1.540750867213764e-09, 1.8150032985274107e-09, -0.0008337808439981007], [-1.4589032046186883e-09, 3.3097611221415296e-09, -0.0008337808439945182], [-3.6375379981564303e-09, -5.313178190501977e-10, -0.0008337808439952318], [-8.080324391894148e-10, -1.6689777991076835e-10, -0.0008337808439979372], [-3.2002500438772575e-09, 4.806369610528711e-09, -0.0008337808439887257], [-1.2874511800353165e-09, 1.2874511800353165e-09, -0.0008337808439991245], [-3.681632098725567e-09, -1.1067297386649556e-09, -0.0008337808439959818], [-6.437255900179398e-10, 6.437255900179398e-10, -0.0008337808439993706], [-2.365632402212074e-11, -1.7214723085689618e-09, -0.0008337808439973976], [-4.535577117815719e-10, 1.853883352165425e-11, -0.0008337808439991929], [-6.266672883356832e-10, -7.712122559494406e-10, -0.0008337808439975753], [-1.3539302783621908e-09, 3.5138492182907085e-10, -0.0008337808439973178], [1.0146470951902784e-10, 3.4995105891895193e-09, -0.0008337808439936007], [1.2874511800353165e-09, -1.2874511800353165e-09, -0.0008337808439991245], [-1.7247230415352879e-09, -8.501793185324873e-10, -0.0008337808439990678], [-1.6650672638670486e-09, -1.4660483796704912e-11, -0.0008337808439979703], [-1.5488937923484327e-09, -1.0104629833553993e-09, -0.0008337808439971493], [-2.1559923119494938e-09, -8.817210838749205e-11, -0.0008337808439953199], [-2.5749989164662943e-10, -2.095065208053067e-09, -0.0008337808439975175], [-3.236925392530794e-09, 1.3240460649462487e-09, -0.0008337808439965813], [-3.1301661723786574e-09, 2.2229541924138565e-09, -0.0008337808439922613], [1.2874511800353165e-09, -1.2874511800353165e-09, -0.0008337808439991245], [-2.786167817065192e-09, 4.1342242462669665e-10, -0.0008337808439964423], [-4.394170233977384e-09, -7.45238577736627e-10, -0.000833780843992218], [1.614085471688053e-09, -2.248268068405909e-09, -0.0008337808439974454], [-5.946749263187005e-10, 1.288754691763142e-09, -0.0008337808439971285], [-1.7523220862154566e-09, 2.8847358338294868e-09, -0.0008337808439947951], [-3.428783008114888e-09, 