{"phase_arr": [-0.21425454464414362, -0.21425445526234663, -0.21424707987512068, -0.07101345475159686, -0.09211992635990977, -0.21273945564465224, -0.21425499155327962, -0.21425627970362604, -0.2142417972153785, -0.214256190320761, -0.21425123966346102, -0.21423548115983237, -0.214256190320761, -0.21425382959004205, -0.21425382959004205, -0.2142586152317168, -0.21425699476689516, -0.2142469011187864, -0.2142563690864992, -0.21425850061082308, -0.21425787492558815, -0.21425814307634455, -0.2142576067749217, -0.08668591410413813, -0.21424663298435778, -0.2142572629157827, -0.2142472586314955, -0.21424672236249026, -0.21425409773525622, -0.21425787492558815, -0.2142563690864992, -0.2142572629157827, -0.2142543658805588, -0.2142418865910515, -0.21425885814546058, -0.09789237157494415, -0.21423530241446093, -0.21425823245995007, -0.21425814307634455, -0.21424672236249026, -0.21424161846406117, -0.21425717353281137, -0.21425778554202404, -0.21425106090305687, -0.21374814941016312, -0.21425824428456813, -0.2142563690864992, -0.21423557053253225, -0.21425807892892926, -0.2142555493613904, -0.2142585142009372, -0.21425114998236242, -0.2142543658805588, -0.21425453123463703, -0.21424197596145617, -0.2142417972153785, -0.21424186899632097, -0.08300153682886031, -0.21425816831270225, -0.21425832182647, -0.21425906212720403, -0.2142543658805588, -0.21424170783971389, -0.2142549021591978, -0.21425168656464494, -0.21425787492558815, -0.21425382959004205, -0.2142548127895959, -0.21425097152287015, -0.21425123966346102, -0.21424663298435778, -0.21425070338236643, -0.13560543601287153, -0.21425825682332605, -0.21424134788565366, -0.21425115028325398, -0.21425463367425152, -0.21424152908313687, -0.21425823245995007, -0.2142583218291001, -0.21425106090305687, -0.2142549017615398, -0.2142563690864992, -0.21425445521699604, -0.21425654785227802, -0.21425814307634455, -0.2142563690864992, -0.21424197590420932, -0.2142472586314955, -0.21423557053253225, -0.21424734800969833, -0.21425445526234663, -0.0969426415856074, -0.21425769615846793, -0.21425172758155706, -0.21424681174063478, -0.21425852584789234, -0.21425499155248823, -0.21425639146773498, -0.21424663298435778], "pos": [[-2.5812750840877206e-09, 1.2906375420438603e-09, -0.0008358443999975949], [-1.935956313066344e-09, 1.935956313066344e-09, -0.0008358443999978252], [-4.517231397128749e-09, 1.935956313055203e-09, -0.0008358443999930086], [-2.373678771128133e-09, -8.900893073342274e-09, -0.000835844399973149], [-2.629553296350385e-09, 6.018683799473482e-09, -0.0008358443999868477], [-1.4209887151950846e-09, -8.395581117985956e-09, -0.0008358443999760334], [-1.935956313046266e-09, -5.807868939138751e-09, -0.0008358443999891672], [5.162550168130813e-09, 2.5812750840654066e-09, -0.0008358443999903569], [3.2265938550845507e-09, -4.517231397118405e-09, -0.0008358443999910841], [3.2265938550696606e-09, 5.807868939125436e-09, -0.0008358443999872265], [1.9359563130618784e-09, -3.226593855103129e-09, -0.0008358443999959084], [5.1625501681159694e-09, -3.871912626086938e-09, -0.0008358443999879536], [5.807868939125436e-09, 3.2265938550696606e-09, -0.0008358443999872265], [6.453187710129986e-09, 2.5812750840520174e-09, -0.0008358443999860368], [6.453187710129986e-09, 2.5812750840520174e-09, -0.0008358443999860368], [6.453187710236066e-10, 6.453187710236066e-10, -0.000835844399999766], [-2.581275084089183e-09, 0.0, -0.0008358443999980798], [-3.226593855095675e-09, 3.226593855095675e-09, -0.0008358443999939842], [4.517231397128749e-09, 1.935956313055203e-09, -0.0008358443999930086], [-1.2906375420438603e-09, -2.5812750840877206e-09, -0.0008358443999975949], [3.226593855103129e-09, 1.9359563130618784e-09, -0.0008358443999959084], [0.0, 1.2906375420468289e-09, -0.0008358443999995177], [3.871912626086938e-09, 5.1625501681159694e-09, -0.0008358443999879536], [-1.126491620229853e-09, -5.10783486087244e-09, -0.0008358443999919965], [5.162550168139762e-09, -1.2906375420349404e-09, -0.0008358443999918128], [-1.935956313055203e-09, -4.517231397128749e-09, -0.0008358443999930086], [6.453187710161593e-10, -5.807868939145459e-09, -0.0008358443999901265], [-1.935956313055203e-09, 4.517231397128749e-09, -0.0008358443999930086], [4.517231397134002e-09, 6.453187710191408e-10, -0.0008358443999939842], [3.226593855103129e-09, 1.9359563130618784e-09, -0.0008358443999959084], [1.935956313055203e-09, 4.517231397128749e-09, -0.0008358443999930086], [-4.517231397128749e-09, -1.935956313055203e-09, -0.0008358443999930086], [-1.2906375420438603e-09, 2.5812750840877206e-09, -0.0008358443999975949], [-5.162550168130813e-09, 2.5812750840654066e-09, -0.0008358443999903569], [-3.871912626086938e-09, -5.1625501681159694e-09, -0.0008358443999879536], [-5.032198994899862e-09, -5.119099777031815e-09, -0.0008358443999850305], [6.453187710129986e-09, -2.5812750840520174e-09, -0.0008358443999860368], [6.453187710236066e-10, -6.453187710236066e-10, -0.000835844399999766], [0.0, 1.2906375420468289e-09, -0.0008358443999995177], [4.517231397128749e-09, -1.935956313055203e-09, -0.0008358443999930086], [4.517231397118405e-09, -3.2265938550845507e-09, -0.0008358443999910841], [-1.2906375420401347e-09, -3.871912626120415e-09, -0.0008358443999951797], [3.871912626113751e-09, 2.5812750840758407e-09, -0.0008358443999937355], [-1.9359563130618784e-09, 3.226593855103129e-09, -0.0008358443999959084], [0.0, 0.0, -0.0004189643999999974], [2.811401229336174e-09, 5.3025569837280535e-09, -0.0008358443999868512], [4.517231397128749e-09, 1.935956313055203e-09, -0.0008358443999930086], [4.517231397102744e-09, -4.517231397102744e-09, -0.0008358443999882034], [4.517231397102744e-09, 4.517231397102744e-09, -0.0008358443999882034], [3.8300715091280045e-10, 7.637613184849007e-09, -0.0008358443999755952], [-9.62345698337413e-10, 4.3707874863486545e-09, -0.0008358443999851942], [2.0840094974370098e-09, -2.0840094974370098e-09, -0.000835844399997077], [-1.2906375420438603e-09, 2.5812750840877206e-09, -0.0008358443999975949], [4.6025229055429384e-10, -9.205045811085877e-10, -0.0008358443999975949], [1.4338629051723336e-09, -4.803682123395687e-09, -0.0008358443999912307], [-4.517231397118405e-09, 3.2265938550845507e-09, -0.0008358443999910841], [-5.584179888838632e-09, 1.7380156426375448e-09, -0.0008358443999895757], [-2.449314637011769e-09, -1.2246573185058772e-08, -0.0008358443999537496], [3.871912626102616e-09, 3.871912626102616e-09, -0.0008358443999913339], [-2.248155419228807e-09, 9.575178771869391e-10, -0.0008358443999963015], [-4.180893184696994e-09, -3.6401772070015587e-09, -0.0008358443999865739], [-1.2906375420438603e-09, 2.5812750840877206e-09, -0.0008358443999975949], [-3.871912626102616e-09, 3.871912626102616e-09, -0.0008358443999913339], [-5.8303987715342705e-09, -6.227889386192169e-10, -0.0008358443999890681], [-1.2906375420282462e-09, -6.453187710141234e-09, -0.0008358443999874748], [3.226593855103129e-09, 1.9359563130618784e-09, -0.0008358443999959084], [6.453187710129986e-09, 2.5812750840520174e-09, -0.0008358443999860368], [-6.453187710191408e-10, -4.517231397134002e-09, -0.0008358443999939842], [-1.2906375420401347e-09, 3.871912626120415e-09, -0.0008358443999951797], [1.9359563130618784e-09, -3.226593855103129e-09, -0.0008358443999959084], [-1.2906375420349404e-09, 5.162550168139762e-09, -0.0008358443999918128], [5.749935084390434e-09, 4.1358335199835267e-10, -0.0008358443999900406], [-2.7518581008181003e-10, -3.7866211177117975e-09, -0.0008358443999939634], [4.4255027943939157e-10, 4.2082508383873885e-09, -0.0008358443999875549], [5.135192514484681e-09, 2.7357653643504206e-11, -0.0008358443999899357], [-2.5812750840832464e-09, 2.5812750840832464e-09, -0.0008358443999961389], [-1.1474121788792378e-09, -2.631162570119757e-09, -0.0008358443999942669], [-2.706798436012498e-09, 6.292260335773256e-09, -0.0008358443999848769], [-6.453187710236066e-10, 6.453187710236066e-10, -0.000835844399999766], [-1.081431955421416e-09, -1.0202795531891402e-09, -0.0008358443999980059], 