{"phase_arr": [-0.04801145997279337, -0.2142585564186773, -0.21425832184356447, -0.21425832184356447, -0.21425681600101737, -0.2142586152317168, -0.21425823245995007, -0.21425823245995007, -0.21425879399939035, -0.21425832184356447, -0.21374814941016312, -0.2142586152317168, -0.21425861523037676, -0.21425681600101737, -0.21425832184356447, -0.21374814941016312, -0.21425832184356447, -0.21425681600101737, -0.21425814307634455, -0.21425823245995007, -0.21425823245995007, -0.21425681600101737, -0.21425823245995007, -0.21425879399939035, -0.21425832184356447, -0.2142588833832404, -0.014339982049996843, -0.21425832184356447, -0.21425879399939035, -0.21425879399939035, -0.21425823245995007, -0.21425681600101737, -0.21425832184356447, -0.21425852584789234, -0.21425814307634455, -0.21425681600101737, -0.21425823245995007, -0.21425814307634455, -0.21425852584789234, -0.21425832184356447, -0.21425887173661892, -0.2142581430592493, -0.21425879399939035, -0.2142586152317168, -0.21374814941016312, -0.2142588833832404, -0.2142588833832404, -0.21425832184356447, -0.21425879391302796, -0.21425823245995007, -0.21425832184356447, -0.2142588833832404, -0.2142588833832404, -0.21425852584789234, -0.2142588833832404, -0.21425823245995007, -0.21425823245995007, -0.21374814941016312, -0.21425832175720533, -0.21425814307634455, -0.21425823245995007, -0.2142586152317168, -0.21425814307634455, -0.21425823245995007, -0.21425814307634455, -0.2142588833832404, -0.21425681498970497, -0.21425832184356447, -0.21425832184244245, -0.21425818080412148, -0.21425832184356447, -0.21425681600101737, -0.21374814941016312, -0.21425681600101737, -0.21425832184356447, -0.21425823245995007, -0.09360534270025919, -0.21425814307634455, -0.21425852584789234, -0.21425832184356447, -0.21425832184356447, -0.21425823245995007, -0.21425681600101737, -0.21425823245995007, -0.21425823245995007, -0.2142588833832404, -0.21425852584789234, -0.21425814307634455, -0.21374814941016312, -0.08265657215251349, -0.21374814941016312, -0.08353506127637646, -0.2142588833832404, -0.2142586152317168, -0.21425852584789234, -0.214256815977251, -0.21425823245995007, -0.2142588833832404, -0.2142581430755529, -0.2142583218416675], "pos": [[0.0, 3.089805586945045e-10, -0.0004189643999998829], [1.6092737442397394e-12, 1.2890282683018956e-09, -0.0008358443999990656], [-1.2906375420468289e-09, 0.0, -0.0008358443999995177], [-1.2906375420468289e-09, 0.0, -0.0008358443999995177], [-1.290637542046083e-09, 1.290637542046083e-09, -0.0008358443999990392], [6.453187710236066e-10, 6.453187710236066e-10, -0.000835844399999766], [6.453187710236066e-10, -6.453187710236066e-10, -0.000835844399999766], [6.453187710236066e-10, -6.453187710236066e-10, -0.000835844399999766], [-6.453187710236066e-10, -6.453187710236066e-10, -0.000835844399999766], [0.0, -1.2906375420468289e-09, -0.0008358443999995177], [0.0, 0.0, -0.0004189643999999974], [6.453187710236066e-10, 6.453187710236066e-10, -0.000835844399999766], [4.200204469754619e-10, 6.453187710236066e-10, -0.000835844399999766], [-1.290637542046083e-09, 1.290637542046083e-09, -0.0008358443999990392], [0.0, -1.2906375420468289e-09, -0.0008358443999995177], [0.0, 0.0, -0.0004189643999999974], [0.0, -1.2906375420468289e-09, -0.0008358443999995177], [-1.290637542046083e-09, 1.290637542046083e-09, -0.0008358443999990392], [1.2906375420468289e-09, 0.0, -0.0008358443999995177], [-6.453187710236066e-10, 6.453187710236066e-10, -0.000835844399999766], [-6.453187710236066e-10, 6.453187710236066e-10, -0.000835844399999766], [1.290637542046083e-09, -1.290637542046083e-09, -0.0008358443999990392], [-6.453187710236066e-10, 6.453187710236066e-10, -0.000835844399999766], [-6.453187710236066e-10, -6.453187710236066e-10, -0.000835844399999766], [0.0, -1.2906375420468289e-09, -0.0008358443999995177], [-1.290637542046083e-09, -1.290637542046083e-09, -0.0008358443999990392], [-4.1197407825910204e-10, 4.1197407825910204e-10, -0.00041896439999969203], [-1.2906375420468289e-09, 0.0, -0.0008358443999995177], [-6.453187710236066e-10, -6.453187710236066e-10, -0.000835844399999766], [-6.453187710236066e-10, -6.453187710236066e-10, -0.000835844399999766], [-6.453187710236066e-10, 6.453187710236066e-10, -0.000835844399999766], [1.290637542046083e-09, -1.290637542046083e-09, -0.0008358443999990392], [-1.2906375420468289e-09, 0.0, -0.0008358443999995177], [1.290637542046083e-09, 1.290637542046083e-09, -0.0008358443999990392], [1.2906375420468289e-09, 0.0, -0.0008358443999995177], [1.290637542046083e-09, -1.290637542046083e-09, -0.0008358443999990392], [6.453187710236066e-10, -6.453187710236066e-10, -0.000835844399999766], [0.0, 1.2906375420468289e-09, -0.0008358443999995177], [1.290637542046083e-09, 1.290637542046083e-09, -0.0008358443999990392], [0.0, -1.2906375420468289e-09, -0.0008358443999995177], [-1.7026116203042277e-09, -8.78663463786986e-10, -0.0008358443999987339], [1.1538492738748192e-09, 1.3678826817208565e-10, -0.000835844399999573], [-6.453187710236066e-10, -6.453187710236066e-10, -0.000835844399999766], [6.453187710236066e-10, 6.453187710236066e-10, -0.000835844399999766], [0.0, 0.0, -0.0004189643999999974], [-1.290637542046083e-09, -1.290637542046083e-09, -0.0008358443999990392], [-1.290637542046083e-09, -1.290637542046083e-09, -0.0008358443999990392], [-1.2906375420468289e-09, 0.0, -0.0008358443999995177], [-6.453187710234298e-10, -9.510807822312648e-10, -0.0008358443999995291], [-6.453187710236066e-10, 6.453187710236066e-10, -0.000835844399999766], [-1.2906375420468289e-09, 0.0, -0.0008358443999995177], [-1.290637542046083e-09, -1.290637542046083e-09, -0.0008358443999990392], [-1.290637542046083e-09, -1.290637542046083e-09, -0.0008358443999990392], [1.290637542046083e-09, 1.290637542046083e-09, -0.0008358443999990392], [-1.290637542046083e-09, -1.290637542046083e-09, -0.0008358443999990392], [-6.453187710236066e-10, 6.453187710236066e-10, -0.000835844399999766], [6.453187710236066e-10, -6.453187710236066e-10, -0.000835844399999766], [0.0, 0.0, -0.0004189643999999974], [0.0, -1.5963995532538682e-09, -0.0008358443999991779], [1.2906375420468289e-09, 0.0, -0.0008358443999995177], [-6.453187710236066e-10, 6.453187710236066e-10, -0.000835844399999766], [6.453187710236066e-10, 6.453187710236066e-10, -0.000835844399999766], [0.0, 1.2906375420468289e-09, -0.0008358443999995177], [6.453187710236066e-10, -6.453187710236066e-10, -0.000835844399999766], [0.0, 1.2906375420468289e-09, -0.0008358443999995177], [-1.290637542046083e-09, -1.290637542046083e-09, -0.0008358443999990392], [-1.6478963130339374e-09, 1.6478963130339374e-09, -0.0008358443999982329], [0.0, -1.2906375420468289e-09, -0.0008358443999995177], [-1.5127173186077311e-09, 0.0, -0.0008358443999992709], [-1.4821411174811859e-09, 1.4821411174811859e-09, -0.0008358443999979334], [-1.2906375420468289e-09, 0.0, -0.0008358443999995177], [1.290637542046083e-09, -1.290637542046083e-09, -0.0008358443999990392], [0.0, 0.0, -0.0004189643999999974], [1.290637542046083e-09, -1.290637542046083e-09, -0.0008358443999990392], [0.0, -1.2906375420468289e-09, -0.0008358443999995177], [-6.453187710236066e-10, 6.453187710236066e-10, -0.000835844399999766], [-1.1747698325367343e-10, 1.1747698325367343e-10, -0.00041896439999995386], [1.2906375420468289e-09, 0.0, -0.0008358443999995177], [1.290637542046083e-09, 1.290637542046083e-09, -0.0008358443999990392], [-1.2906375420468289e-09, 0.0, -0.0008358443999995177], [0.0, -1.2906375420468289e-09, -0.0008358443999995177], [6.453187710236066e-10, -6.453187710236066e-10, -0.000835844399999766], [1.290637542046083e-09, -1.290637542046083e-09, -0.0008358443999990392], [-6.453187710236066e-10, 6.453187710236066e-10, -0.000835844399999766], [6.453187710236066e-10, -6.453187710236066e-10, -0.000835844399999766], [-1.290637542046083e-09, -1.290637542046083e-09, -0.0008358443999990392], [1.290637542046083e-09, 1.290637542046083e-09, -0.0008358443999990392], [0.0, 1.2906375420468289e-09, -0.0008358443999995177], [0.0, 0.0, -0.0004189643999999974], 