{"phase_arr": [-0.21424663298435778, -0.2142514184239053, -0.21425454464414362, -0.21425427649878184, -0.21424170783971389, -0.2090439797451054, -0.21425823245995007, -0.2142547234077682, -0.2142513290436788, -0.214258436464081, -0.2142563690864992, -0.21423592802343416, -0.2142357492779636, -0.21425744168175823, -0.21425699476689516, -0.21425825769648552, -0.2142465436062347, -0.21424636485001836, -0.21425807892892926, -0.21425858999446767, -0.08488318761964964, -0.08488670435024208, -0.2142586793781235, -0.21424716925330348, -0.21425796430916344, -0.10727150475336858, -0.21424206534242848, -0.21424672236249026, -0.2142572629157827, -0.10920174635842657, -0.21425699476689516, -0.2142418865910515, -0.2142576067749217, -0.21424734800969833, -0.21425168656464494, -0.08587575802582156, -0.2142465436062347, -0.2142419759667353, -0.2142549021714322, -0.21425168656464494, -0.2142588833832404, -0.21425645846938415, -0.214258436464081, -0.21425744168175823, -0.21425168656464494, -0.2142541871170137, -0.21425751739138515, -0.21425858999446767, -0.21425097152287015, -0.2142419759667353, -0.21422866803807358, -0.21425627970362604, -0.21425681600101737, -0.2142543658805588, -0.08334798291796795, -0.2142469011187864, -0.21425499155327962, -0.214256190320761, -0.10920284597075058, -0.21424672236249026, -0.21425445526234663, -0.20933741168835204, -0.2142357492779636, -0.21425796430916344, -0.2142515971843883, -0.21424699049694995, -0.21423548115983237, -0.2142547234077682, -0.08587345232912735, -0.2142543658805588, -0.21423565990524354, -0.21425717353281137, -0.10727190446325817, -0.2142576067749217, -0.21425610093790684, -0.09831686656823692, -0.21425150780414173, -0.2142588833832404, -0.08779494273931211, -0.21424707987512068, -0.21425834708027788, -0.21425885814546058, -0.21425885814546058, -0.21425627970362604, -0.21425850061082308, -0.2142548127895959, -0.21422839993016404, -0.08311115062370777, -0.2142357492779636, -0.10783389935433159, -0.21425858999446767, -0.2142547234077682, -0.21424143971278292, -0.21425150780414173, -0.21425382959004205, -0.2142541871170137, -0.2136826435004615, -0.21424126096154392, -0.21425499155327962, -0.21425717353281137], "pos": [[-1.2906375420349404e-09, 5.162550168139762e-09, -0.0008358443999918128], [-4.517231397134002e-09, 6.453187710191408e-10, -0.0008358443999939842], [-2.5812750840877206e-09, 1.2906375420438603e-09, -0.0008358443999975949], [3.2265938551068933e-09, -6.453187710213768e-10, -0.0008358443999968662], [3.871912626102616e-09, -3.871912626102616e-09, -0.0008358443999913339], [3.2265938550910854e-09, -2.2481554192245617e-09, -0.0008358443999927794], [-6.453187710236066e-10, 6.453187710236066e-10, -0.000835844399999766], [0.0, -3.871912626122679e-09, -0.0008358443999956602], [-3.871912626120415e-09, 1.2906375420401347e-09, -0.0008358443999951797], [1.935956313066344e-09, 1.935956313066344e-09, -0.0008358443999978252], [4.517231397128749e-09, 1.935956313055203e-09, -0.0008358443999930086], [1.935956313035093e-09, -7.098506481128761e-09, -0.0008358443999843444], [3.2265938550696606e-09, -5.807868939125436e-09, -0.0008358443999872265], [-3.2265938550696606e-09, -5.807868939125436e-09, -0.0008358443999872265], [0.0, -2.581275084089183e-09, -0.0008358443999980798], [3.226593855095675e-09, 3.226593855095675e-09, -0.0008358443999939842], [5.807868939145459e-09, -6.453187710161593e-10, -0.0008358443999901265], [6.453187710124507e-10, 7.098506481136859e-09, -0.0008358443999853034], [4.517231397102744e-09, 4.517231397102744e-09, -0.0008358443999882034], [-3.226593855103129e-09, -1.9359563130618784e-09, -0.0008358443999959084], [-2.581275084001328e-09, 9.74576178845713e-09, -0.0008358443999696264], [-1.7621547487725926e-09, 6.577101788343347e-09, -0.0008358443999857066], [-2.5812750840758407e-09, -3.871912626113751e-09, -0.0008358443999937355], [1.2906375420349404e-09, -5.162550168139762e-09, -0.0008358443999918128], [2.5812750840877206e-09, 1.2906375420438603e-09, -0.0008358443999975949], [-8.86870759845608e-09, 3.908925922085338e-09, -0.0008358443999712377], [-6.453187710141234e-09, 1.2906375420282462e-09, -0.0008358443999874748], [-1.935956313055203e-09, 4.517231397128749e-09, -0.0008358443999930086], [-1.935956313055203e-09, -4.517231397128749e-09, -0.0008358443999930086], [3.535574413679075e-09, -9.837490391764563e-09, -0.0008358443999662947], [-2.581275084089183e-09, 0.0, -0.0008358443999980798], [2.5812750840654066e-09, -5.162550168130813e-09, -0.0008358443999903569], [3.871912626086938e-09, 5.1625501681159694e-09, -0.0008358443999879536], [-6.453187710144893e-09, 0.0, -0.0008358443999879536], [-6.453187710141234e-09, -1.2906375420282462e-09, -0.0008358443999874748], [-8.83008502865824e-09, -1.8587111733398103e-09, -0.0008358443999749077], [5.807868939145459e-09, -6.453187710161593e-10, -0.0008358443999901265], [-5.807868939138751e-09, 1.935956313046266e-09, -0.0008358443999891672], [-1.2906375420349404e-09, -5.162550168139762e-09, -0.0008358443999918128], [-1.2906375420282462e-09, -6.453187710141234e-09, -0.0008358443999874748], [-1.290637542046083e-09, -1.290637542046083e-09, -0.0008358443999990392], [1.2906375420401347e-09, 3.871912626120415e-09, -0.0008358443999951797], [1.935956313066344e-09, 1.935956313066344e-09, -0.0008358443999978252], [-3.2265938550696606e-09, -5.807868939125436e-09, -0.0008358443999872265], [-1.2906375420282462e-09, -6.453187710141234e-09, -0.0008358443999874748], [3.871912626122679e-09, 0.0, -0.0008358443999956602], [4.517231397081943e-09, 5.807868939105305e-09, -0.0008358443999843444], [-3.226593855103129e-09, -1.9359563130618784e-09, -0.0008358443999959084], [3.871912626120415e-09, -1.2906375420401347e-09, -0.0008358443999951797], [1.935956313046266e-09, -5.807868939138751e-09, -0.0008358443999891672], [-6.453187710111409e-09, 3.871912626066842e-09, -0.0008358443999836172], [2.5812750840654066e-09, 5.162550168130813e-09, -0.0008358443999903569], [1.290637542046083e-09, -1.290637542046083e-09, -0.0008358443999990392], [2.5812750840877206e-09, -1.2906375420438603e-09, -0.0008358443999975949], [6.910221453165033e-09, 2.5362154192296595e-09, -0.0008358443999829604], [3.226593855095675e-09, -3.226593855095675e-09, -0.0008358443999939842], [-5.807868939138751e-09, -1.935956313046266e-09, -0.0008358443999891672], [3.2265938550696606e-09, 5.807868939125436e-09, -0.0008358443999872265], [-5.189907821678696e-09, 6.892519441946285e-09, -0.0008358443999778328], [-1.935956313055203e-09, 4.517231397128749e-09, -0.0008358443999930086], [1.935956313066344e-09, -1.935956313066344e-09, -0.0008358443999978252], [-4.060197654050499e-09, -2.232062681782602e-09, -0.0008358443999909331], [-5.807868939125436e-09, 3.2265938550696606e-09, -0.0008358443999872265], [1.2906375420438603e-09, 2.5812750840877206e-09, -0.0008358443999975949], [-6.453187710161593e-10, -5.807868939145459e-09, -0.0008358443999901265], [2.5812750840758407e-09, -3.871912626113751e-09, -0.0008358443999937355], [5.1625501681159694e-09, -3.871912626086938e-09, -0.0008358443999879536], [-3.871912626122679e-09, 0.0, -0.0008358443999956602], [-1.148860525213167e-08, 1.7814660336322586e-09, -0.0008358443999595871], [2.5812750840877206e-09, -1.2906375420438603e-09, -0.0008358443999975949], [-5.1625501681159694e-09, 3.871912626086938e-09, -0.0008358443999879536], [-3.871912626120415e-09, -1.2906375420401347e-09, -0.0008358443999951797], [-4.351476201576649e-09, -8.110739665660627e-10, -0.0008358443999922979], [3.871912626086938e-09, 5.1625501681159694e-09, -0.0008358443999879536], [6.453187710111409e-09, 3.871912626066842e-09, -0.0008358443999836172], [-8.670766927970488e-09, -2.149989720829053e-09, -0.0008358443999701785], [0.0, -5.162550168142732e-09, -0.0008358443999922979], [-1.290637542046083e-09, -1.290637542046083e-09, -0.0008358443999990392], [-6.514340112319952e-09, -4.464125363537682e-09, -0.0008358443999808495], [1.935956313055203e-09, -4.517231397128749e-09, -0.0008358443999930086], [2.5812750840832464e-09, 2.5812750840832464e-09, 