{"phase_arr": [-0.21425832184356447, -0.21425672661809497, -0.2142508821426922, -0.21424716925330348, -0.21425769615846793, -0.2142547234077682, -0.21425876876178693, -0.21425778554202404, -0.21425832184356447, -0.2142469011187864, -0.21424672236249026, -0.21424707987512068, -0.2101579641937817, -0.2142418865910515, -0.21425123966346102, -0.21425409773525622, -0.214258436464081, -0.2142572629157827, -0.2142547234077682, -0.11108941314525776, -0.2142563690864992, -0.21424681174063478, -0.21425654785227802, -0.21425915153485658, -0.21425454464414362, -0.21424707987512068, -0.2142586152317168, -0.08424947704961173, -0.21424707987512068, -0.21425708414984804, -0.21425832184356447, -0.2142514184239053, -0.2142513290436788, -0.21425805369274925, -0.21425097152287015, -0.21425690538395187, -0.08335036152520016, -0.21425924091874757, -0.21425115028325398, -0.21425850061082308, -0.21425816831270225, -0.21425150780414173, -0.2142417972153785, -0.2142417972153785, -0.2142418865910515, -0.2142514184239053, -0.2142417972153785, -0.21424707987512068, -0.21425463402595157, -0.21424699049694995, -0.2142514184239053, -0.21425832184356447, -0.2142541871170137, -0.21425663723518193, -0.21425699476689516, -0.11381873484138641, -0.21424170783971389, -0.21424707987512068, -0.21424161846406117, -0.21425454464414362, -0.21425850061082308, -0.2142469011187864, -0.21425106090305687, -0.21424170783971389, -0.15806935152101062, -0.2142469011187864, -0.21425778554202404, -0.2142572629157827, -0.08370116562678612, -0.21424672236249026, -0.21425841122718906, -0.21424681174063478, -0.21425796430916344, -0.2087161190996961, -0.21425150780414173, -0.21425672661809497, -0.21425627970362604, -0.21425708414984804, -0.21425834708027788, -0.21424672236249026, -0.21425409773525622, -0.11302974151494184, -0.21425823245995007, -0.21425858999446767, -0.21425816831270225, -0.21425150780414173, -0.21425769615846793, -0.21424663298435778, -0.214258436464081, -0.2142541871170137, -0.2142418865910515, -0.21425816831270225, -0.21425454464414362, -0.21425672661809497, -0.21425445526234663, -0.12510586735021098, -0.21425814307634455, -0.21425879399939035, -0.21424672236249026, -0.21425717353281137], "pos": [[-1.2906375420468289e-09, 0.0, -0.0008358443999995177], [1.9359563130685765e-09, -6.45318771022861e-10, -0.0008358443999987905], [-6.453187710191408e-10, 4.517231397134002e-09, -0.0008358443999939842], [-5.162550168139762e-09, 1.2906375420349404e-09, -0.0008358443999918128], [3.2265938550845507e-09, 4.517231397118405e-09, -0.0008358443999910841], [0.0, -3.871912626122679e-09, -0.0008358443999956602], [-3.2265938550845507e-09, -4.517231397118405e-09, -0.0008358443999910841], [2.5812750840758407e-09, 3.871912626113751e-09, -0.0008358443999937355], [0.0, -1.2906375420468289e-09, -0.0008358443999995177], [-3.226593855095675e-09, 3.226593855095675e-09, -0.0008358443999939842], [4.517231397128749e-09, -1.935956313055203e-09, -0.0008358443999930086], [-4.517231397128749e-09, 1.935956313055203e-09, -0.0008358443999930086], [1.181206927508766e-09, 1.40006815657721e-09, -0.0008358443999970345], [-5.162550168130813e-09, 2.5812750840654066e-09, -0.0008358443999903569], [1.9359563130618784e-09, -3.226593855103129e-09, -0.0008358443999959084], [6.453187710191408e-10, 4.517231397134002e-09, -0.0008358443999939842], [1.935956313066344e-09, 1.935956313066344e-09, -0.0008358443999978252], [-4.517231397128749e-09, -1.935956313055203e-09, -0.0008358443999930086], [0.0, -3.871912626122679e-09, -0.0008358443999956602], [-8.842959218565755e-09, 4.098820223782103e-09, -0.0008358443999712163], [4.517231397128749e-09, 1.935956313055203e-09, -0.0008358443999930086], [-2.5812750840758407e-09, 3.871912626113751e-09, -0.0008358443999937355], [6.453187710213768e-10, 3.2265938551068933e-09, -0.0008358443999968662], [-3.226593855095675e-09, -3.226593855095675e-09, -0.0008358443999939842], [1.2906375420438603e-09, -2.5812750840877206e-09, -0.0008358443999975949], [1.935956313055203e-09, -4.517231397128749e-09, -0.0008358443999930086], [6.453187710236066e-10, 6.453187710236066e-10, -0.000835844399999766], [2.6408182125374457e-09, 7.327023352632185e-09, -0.0008358443999819575], [1.935956313055203e-09, -4.517231397128749e-09, -0.0008358443999930086], [-6.453187710213768e-10, -3.2265938551068933e-09, -0.0008358443999968662], [0.0, -1.2906375420468289e-09, -0.0008358443999995177], [6.453187710191408e-10, -4.517231397134002e-09, -0.0008358443999939842], [-3.871912626120415e-09, 1.2906375420401347e-09, -0.0008358443999951797], [6.45318771022861e-10, 1.9359563130685765e-09, -0.0008358443999987905], [3.871912626120415e-09, -1.2906375420401347e-09, -0.0008358443999951797], [-1.9359563130685765e-09, 6.45318771022861e-10, -0.0008358443999987905], [-7.887050615189145e-09, -4.5172313970337164e-09, -0.0008358443999754322], [-3.871912626102616e-09, -3.871912626102616e-09, -0.0008358443999913339], [2.5812750840832464e-09, -2.5812750840832464e-09, -0.0008358443999961389], [-2.5812750840877206e-09, -1.2906375420438603e-09, -0.0008358443999975949], [3.871912626102616e-09, 3.871912626102616e-09, -0.0008358443999913339], [0.0, -5.162550168142732e-09, -0.0008358443999922979], [3.2265938550845507e-09, -4.517231397118405e-09, -0.0008358443999910841], [-4.517231397118405e-09, 3.2265938550845507e-09, -0.0008358443999910841], [-5.162550168130813e-09, 2.5812750840654066e-09, -0.0008358443999903569], [6.453187710191408e-10, -4.517231397134002e-09, -0.0008358443999939842], [3.2265938550845507e-09, -4.517231397118405e-09, -0.0008358443999910841], [-4.517231397128749e-09, 1.935956313055203e-09, -0.0008358443999930086], [-3.2265938551068933e-09, 6.453187710213768e-10, -0.0008358443999968662], [-3.871912626113751e-09, 2.5812750840758407e-09, -0.0008358443999937355], [-4.517231397134002e-09, 6.453187710191408e-10, -0.0008358443999939842], [0.0, -1.2906375420468289e-09, -0.0008358443999995177], [3.871912626122679e-09, 0.0, -0.0008358443999956602], [2.581275084089183e-09, 0.0, -0.0008358443999980798], [-2.581275084089183e-09, 0.0, -0.0008358443999980798], [-5.638895196105919e-09, 1.69939307279759e-09, -0.000835844399989533], [-3.871912626102616e-09, 3.871912626102616e-09, -0.0008358443999913339], [1.935956313055203e-09, -4.517231397128749e-09, -0.0008358443999930086], [4.517231397118405e-09, -3.2265938550845507e-09, -0.0008358443999910841], [1.2906375420438603e-09, -2.5812750840877206e-09, -0.0008358443999975949], [-1.2906375420438603e-09, -2.5812750840877206e-09, -0.0008358443999975949], [3.226593855095675e-09, -3.226593855095675e-09, -0.0008358443999939842], [3.226593855103129e-09, -1.9359563130618784e-09, -0.0008358443999959084], [3.871912626102616e-09, -3.871912626102616e-09, -0.0008358443999913339], [4.8278212295918897e-11, 6.340538548122985e-09, -0.0008358443999882], [3.226593855095675e-09, -3.226593855095675e-09, -0.0008358443999939842], [2.5812750840758407e-09, 3.871912626113751e-09, -0.0008358443999937355], [-4.517231397128749e-09, -1.935956313055203e-09, -0.0008358443999930086], [-3.226593855104779e-09, -1.5609955309291992e-10, -0.0008358443999963185], [-1.935956313055203e-09, 4.517231397128749e-09, -0.0008358443999930086], [-6.45318771022861e-10, -1.9359563130685765e-09, -0.0008358443999987905], [3.871912626113751e-09, -2.5812750840758407e-09, -0.0008358443999937355], [1.2906375420438603e-09, 2.5812750840877206e-09, -0.0008358443999975949], [-2.7759972069412537e-09, -7.87739497273108e-09, -0.0008358443999779724], [0.0, -5.162550168142732e-09, -0.0008358443999922979], [1.9359563130685765e-09, -6.45318771022861e-10, -0.0008358443999987905], [2.5812750840654066e-09, 5.162550168130813e-09, -0.0008358443999903569], [-6.453187710213768e-10, -3.2265938551068933e-09, -0.0008358443999968662], [2.5812750840832464e-09, 2.5812750840832464e-09, -0.0008358443999961389], [-1.935956313055203e-09, 4.517231397128749e-09, -0.0008358443999930086], [4.517231397134002e-09, 6.453187710191408e-10, -0.0008358443999939842], [-2.368850949987449e-09, 0.0, -0.0008358443999983176], 