{"phase_arr": [-0.21425879399939035, -0.2142588833832404, -0.21374814941016312, -0.21425850061082308, -0.21425841122718906, -0.21425681600101737, -0.21425823245995007, -0.21425454464414362, -0.21425672661809497, -0.21425850061082308, -0.214258436464081, -0.21425697166792979, -0.21425699476689516, -0.21425850061082308, -0.21425699476689516, -0.21425832184356447, -0.09252755738783819, -0.17612120123755323, -0.21425699473402052, -0.214258436464081, -0.21425699476689516, -0.21425823245995007, -0.2142582324586101, -0.21425861520381578, -0.21425859499075267, -0.21425690538395187, -0.21425861405384952, -0.21425672661809497, -0.21425796430916344, -0.21425850061082308, -0.21425796430916344, -0.2142588833832404, -0.21425850061082308, -0.21425454464414362, -0.21425454281447107, -0.21425823245995007, -0.2142588833832404, -0.21425823245994993, -0.21425823245368472, -0.21425832442888984, -0.21425445526234663, -0.21425850061082308, -0.21425897276710307, -0.09390841980789785, -0.21425663723518193, -0.21425823245995007, -0.21425832184356447, -0.214258436464081, -0.2142543658805588, -0.21425823245995007, -0.21425850061082308, -0.21425663723518193, -0.21425454464414362, -0.21425805369274925, -0.214256681497989, -0.107850708336519, -0.1393238201685342, -0.2142588833832404, -0.21425699476689516, -0.21425454464414362, -0.21425897276710307, -0.21425681600101737, -0.21425841122718906, -0.21425699476689516, -0.21425681600101737, -0.21425681600101737, -0.21425805369274925, -0.21425841122718906, -0.21425850061082308, -0.21425663723518193, -0.05670711616045622, -0.21425454464224733, -0.21425454464414362, -0.21425841122718906, -0.21425454464414362, -0.21425796430916344, -0.21425454464414362, -0.21425454464414362, -0.21425454464414362, -0.21425681600101737, -0.21425796430916344, -0.14128164743192476, -0.21425805369274925, -0.214258499599368, -0.21425454464414362, -0.21425850061082308, -0.21425445526234663, -0.21425850061082308, -0.21425690538395187, -0.21425852584789234, -0.2142583217052061, -0.21425681600101737, -0.13529050086173913, -0.21374814941016312, -0.21425814307634455, -0.21425821484759627, -0.21425823245995007, -0.21425823245995007, -0.21425454464414362, -0.2142544552236364], "pos": [[-6.453187710236066e-10, -6.453187710236066e-10, -0.000835844399999766], [-1.290637542046083e-09, -1.290637542046083e-09, -0.0008358443999990392], [0.0, 0.0, -0.0004189643999999974], [-1.2906375420438603e-09, -2.5812750840877206e-09, -0.0008358443999975949], [-1.9359563130685765e-09, -6.45318771022861e-10, -0.0008358443999987905], [1.290637542046083e-09, -1.290637542046083e-09, -0.0008358443999990392], [-6.453187710236066e-10, 6.453187710236066e-10, -0.000835844399999766], [-2.5812750840877206e-09, 1.2906375420438603e-09, -0.0008358443999975949], [-6.45318771022861e-10, 1.9359563130685765e-09, -0.0008358443999987905], [-2.5812750840877206e-09, -1.2906375420438603e-09, -0.0008358443999975949], [1.935956313066344e-09, 1.935956313066344e-09, -0.0008358443999978252], [-3.437408715457564e-09, 4.2806681568739854e-10, -0.0008358443999960033], [0.0, -2.581275084089183e-09, -0.0008358443999980798], [-2.5812750840877206e-09, -1.2906375420438603e-09, -0.0008358443999975949], [-2.581275084089183e-09, 0.0, -0.0008358443999980798], [-1.2906375420468289e-09, 0.0, -0.0008358443999995177], [-3.524309497591698e-09, 1.2906375420409358e-09, -0.0008358443999956989], [1.6124922906835905e-09, -1.9375655868089985e-09, -0.0008358443999977145], [-5.729014525770817e-10, -2.581275084087858e-09, -0.0008358443999976455], [1.935956313066344e-09, 1.935956313066344e-09, -0.0008358443999978252], [0.0, -2.581275084089183e-09, -0.0008358443999980798], [6.453187710236066e-10, -6.453187710236066e-10, -0.000835844399999766], [3.0737128495197615e-10, -9.832662570946472e-10, -0.0008358443999993866], [7.885441341782741e-11, 9.285509498259987e-10, -0.0008358443999993367], [4.3289463692106986e-10, 1.2825911733294823e-09, -0.0008358443999992079], [6.45318771022861e-10, -1.9359563130685765e-09, -0.0008358443999987905], [1.0460279330837519e-10, 1.0460279330837519e-10, -0.0008358443999995596], [-6.45318771022861e-10, 1.9359563130685765e-09, -0.0008358443999987905], [2.5812750840877206e-09, 1.2906375420438603e-09, -0.0008358443999975949], [-2.5812750840877206e-09, -1.2906375420438603e-09, -0.0008358443999975949], [1.2906375420438603e-09, 2.5812750840877206e-09, -0.0008358443999975949], [-1.290637542046083e-09, -1.290637542046083e-09, -0.0008358443999990392], [-2.5812750840877206e-09, -1.2906375420438603e-09, -0.0008358443999975949], [1.2906375420438603e-09, -2.5812750840877206e-09, -0.0008358443999975949], [1.1055710615767038e-09, -2.026075642685298e-09, -0.0008358443999982183], [6.453187710236066e-10, -6.453187710236066e-10, -0.000835844399999766], [-1.290637542046083e-09, -1.290637542046083e-09, -0.0008358443999990392], [-6.453187710235638e-10, 4.972655866492413e-10, -0.0008358443999997087], [3.9105351959784404e-10, -6.453187710236066e-10, -0.000835844399999766], [-2.9723286036714823e-09, -1.3373064805879104e-09, -0.0008358443999959517], [-1.935956313066344e-09, 1.935956313066344e-09, -0.0008358443999978252], [-1.2906375420438603e-09, -2.5812750840877206e-09, -0.0008358443999975949], [-1.935956313066344e-09, -1.935956313066344e-09, -0.0008358443999978252], [-2.4042549723168124e-09, -4.808509944633625e-09, -0.0008358443999913481], [0.0, 2.581275084089183e-09, -0.0008358443999980798], [-6.453187710236066e-10, 6.453187710236066e-10, -0.000835844399999766], [-1.2906375420468289e-09, 0.0, -0.0008358443999995177], [1.935956313066344e-09, 1.935956313066344e-09, -0.0008358443999978252], [-1.2906375420438603e-09, 2.5812750840877206e-09, -0.0008358443999975949], [6.453187710236066e-10, -6.453187710236066e-10, -0.000835844399999766], [-1.2906375420438603e-09, -2.5812750840877206e-09, -0.0008358443999975949], [0.0, 2.581275084089183e-09, -0.0008358443999980798], [-2.5812750840877206e-09, 1.2906375420438603e-09, -0.0008358443999975949], [1.9359563130685765e-09, 6.45318771022861e-10, -0.0008358443999987905], [1.047637206822399e-09, -2.0115921789963761e-10, -0.0008358443999991346], [-3.7608727378343575e-09, 2.4702351957959915e-09, -0.0008358443999940256], [-1.6221479331441577e-09, 1.2874189945606368e-10, -0.0008358443999987823], [-1.290637542046083e-09, -1.290637542046083e-09, -0.0008358443999990392], [-9.655642459114225e-12, -2.600586369007267e-09, -0.0008358443999980329], [1.2906375420438603e-09, -2.5812750840877206e-09, -0.0008358443999975949], [-1.935956313066344e-09, -1.935956313066344e-09, -0.0008358443999978252], [1.290637542046083e-09, -1.290637542046083e-09, -0.0008358443999990392], [-6.45318771022861e-10, -1.9359563130685765e-09, -0.0008358443999987905], [0.0, -2.581275084089183e-09, -0.0008358443999980798], [-1.290637542046083e-09, 1.290637542046083e-09, -0.0008358443999990392], [-1.290637542046083e-09, 1.290637542046083e-09, -0.0008358443999990392], [1.9359563130685765e-09, 6.45318771022861e-10, -0.0008358443999987905], [-1.9359563130685765e-09, -6.45318771022861e-10, -0.0008358443999987905], [-1.2906375420438603e-09, -2.5812750840877206e-09, -0.0008358443999975949], [0.0, 2.581275084089183e-09, -0.0008358443999980798], [-4.39331731892863e-10, 4.39331731892863e-10, -0.00041896439999950424], [-2.697142793595389e-09, 1.6382406705718688e-09, -0.000835844399996947], [-2.5812750840877206e-09, 1.2906375420438603e-09, -0.0008358443999975949], [-6.45318771022861e-10, -1.9359563130685765e-09, -0.0008358443999987905], [-2.5812750840877206e-09, 1.2906375420438603e-09, -0.0008358443999975949], [1.2906375420438603e-09, 2.5812750840877206e-09, -0.0008358443999975949], [-2.5812750840877206e-09, 1.2906375420438603e-09, -0.0008358443999975949], [1.2906375420438603e-09, -2.5812750840877206e-09, -0.0008358443999975949], [-2.5812750840877206e-09, 1.2906375420438603e-09, -0.0008358443999975949], [1.290637542046083e-09, -1.290637542046083e-09, -0.0008358443999990392], [1.2906375420438603e-09, 2.5812750840877206e-09, -0.0008358443999975949], [0.0, 