{"phase_arr": [-0.2142590369128381, -0.2142417972153785, -0.21422822119160656, -0.08909561091882653, -0.21424636485001836, -0.21424681174063478, -0.0921229778479706, -0.21423512366912778, -0.0858702439966048, -0.21424672236249026, -0.21424215471813132, -0.21425753106476056, -0.2142573522987664, -0.21425400835350783, -0.21424117158593914, -0.21425834708027788, -0.21422037489299228, -0.21422875740739655, -0.21423565990524354, -0.21423530241446093, -0.214256190320761, -0.21425787492558815, -0.2142418865910515, -0.21425897276710307, -0.21425186532518747, -0.2142514184239053, -0.21424135033715871, -0.21425409773525622, -0.2142513290436788, -0.21423592802343416, -0.2142576067749217, -0.21422822119160656, -0.21425805369274925, -0.09536625649548812, -0.11108537899874671, -0.21425052462208063, -0.10785267313634525, -0.21425654785227802, -0.21425106090305687, -0.21424215471813132, -0.10254513827456137, -0.21425690538395187, -0.08677644590912074, -0.21425106090305687, -0.2142515971843883, -0.21425858999446767, -0.21425897276710307, -0.21424743738790966, -0.21424699049694995, -0.21425663723518193, -0.21425097152287015, -0.2142547234077682, -0.2142586793781235, -0.21424645422812197, -0.21424627547192496, -0.21422037489299228, -0.21423601739618456, -0.21425708414984804, -0.21425079276252437, -0.21425463402595157, -0.0969431797444572, -0.21425382959004205, -0.21424143971278292, -0.21422822119160656, -0.09252776065798966, -0.2142472586314955, -0.2142506140022192, -0.2142472586314955, -0.09116387608767156, -0.21422822119160656, -0.21422822119160656, -0.21425787492558815, -0.21422046425842478, -0.21425627970362604, -0.09051110974208858, -0.21425796430916344, -0.21423539178714054, -0.21425825769648552, -0.21425663723518193, -0.10920579997097356, -0.21422831056088024, -0.21425796430916344, -0.2142573522987664, -0.21424645422812197, -0.21425814307634455, -0.21425168656464494, -0.09252617011816511, -0.2142590369128381, -0.21425454464414362, -0.11302991462117372, -0.09579252772575392, -0.2142508821426922, -0.11502800703931862, -0.21425897276710307, -0.12303652819300635, -0.2142573522987664, -0.21425168656464494, -0.2142588833832404, -0.08488566168269573, -0.21425052462208063], "pos": [[-5.162550168068309e-09, -6.45318771008544e-09, -0.000835844399980255], [-4.517231397118405e-09, 3.2265938550845507e-09, -0.0008358443999910841], [-3.2265938550510586e-09, 7.098506481112313e-09, -0.0008358443999824216], [-7.241731844398303e-10, 3.7174223467728463e-09, -0.0008358443999946992], [6.453187710124507e-10, 7.098506481136859e-09, -0.0008358443999853034], [3.871912626113751e-09, -2.5812750840758407e-09, -0.0008358443999937355], [-3.3891305031625253e-09, 1.0009682682653244e-09, -0.0008358443999952517], [7.74382525212038e-09, -1.2906375420200458e-09, -0.0008358443999821729], [-1.084328648105549e-08, 6.29869743053215e-09, -0.000835844399953211], [4.517231397128749e-09, -1.935956313055203e-09, -0.0008358443999930086], [6.453187710124507e-10, -7.098506481136859e-09, -0.0008358443999853034], [-3.871912626066842e-09, -6.453187710111409e-09, -0.0008358443999836172], [-5.162550168130813e-09, -2.5812750840654066e-09, -0.0008358443999903569], [5.162550168139762e-09, 1.2906375420349404e-09, -0.0008358443999918128], [7.743825252124785e-09, 0.0, -0.0008358443999826519], [2.5812750840832464e-09, 2.5812750840832464e-09, -0.0008358443999961389], [6.45318771008544e-09, -5.162550168068309e-09, -0.000835844399980255], [3.2265938550510586e-09, -7.098506481112313e-09, -0.0008358443999824216], [-5.1625501681159694e-09, 3.871912626086938e-09, -0.0008358443999879536], [-2.5812750840520174e-09, 6.453187710129986e-09, -0.0008358443999860368], [3.2265938550696606e-09, 5.807868939125436e-09, -0.0008358443999872265], [1.9359563130618784e-09, 3.226593855103129e-09, -0.0008358443999959084], [-5.162550168130813e-09, 2.5812750840654066e-09, -0.0008358443999903569], [-1.935956313066344e-09, -1.935956313066344e-09, -0.0008358443999978252], [-7.743825252107048e-09, -2.5812750840356467e-09, -0.000835844399980735], [6.453187710191408e-10, -4.517231397134002e-09, -0.0008358443999939842], [6.453187710141234e-09, -1.2906375420282462e-09, -0.0008358443999874748], [6.453187710191408e-10, 4.517231397134002e-09, -0.0008358443999939842], [1.2906375420401347e-09, -3.871912626120415e-09, -0.0008358443999951797], [-7.098506481128761e-09, 1.935956313035093e-09, -0.0008358443999843444], [3.871912626086938e-09, 5.1625501681159694e-09, -0.0008358443999879536], [7.098506481112313e-09, -3.2265938550510586e-09, -0.0008358443999824216], [1.9359563130685765e-09, 6.45318771022861e-10, -0.0008358443999987905], [1.3662734079475721e-09, 8.778588268885992e-09, -0.0008358443999747985], [-7.988434860814955e-09, 8.825257207260438e-09, -0.0008358443999573189], [7.098506481128761e-09, 1.935956313035093e-09, -0.0008358443999843444], [5.844882235197925e-09, 4.48021810098881e-09, -0.0008358443999843029], [3.2265938551068933e-09, 6.453187710213768e-10, -0.0008358443999968662], [3.226593855103129e-09, -1.9359563130618784e-09, -0.0008358443999959084], [6.453187710124507e-10, -7.098506481136859e-09, -0.0008358443999853034], [4.032840000404538e-09, 4.760231732321426e-09, -0.0008358443999879236], [-1.9359563130685765e-09, 6.45318771022861e-10, -0.0008358443999987905], [1.5272007822888123e-09, -3.793058212703427e-09, -0.0008358443999950327], [3.226593855103129e-09, -1.9359563130618784e-09, -0.0008358443999959084], [-5.807868939145459e-09, -6.453187710161593e-10, -0.0008358443999901265], [-1.9359563130618784e-09, -3.226593855103129e-09, -0.0008358443999959084], [-1.935956313066344e-09, -1.935956313066344e-09, -0.0008358443999978252], [-7.098506481136859e-09, -6.453187710124507e-10, -0.0008358443999853034], [2.5812750840758407e-09, -3.871912626113751e-09, -0.0008358443999937355], [2.581275084089183e-09, 0.0, -0.0008358443999980798], [3.871912626120415e-09, -1.2906375420401347e-09, -0.0008358443999951797], [0.0, -3.871912626122679e-09, -0.0008358443999956602], [-3.871912626113751e-09, -2.5812750840758407e-09, -0.0008358443999937355], [6.453187710144893e-09, 0.0, -0.0008358443999879536], [1.2906375420200458e-09, 7.74382525212038e-09, -0.0008358443999821729], [-5.162550168068309e-09, 6.45318771008544e-09, -0.000835844399980255], [1.2906375420200458e-09, -7.74382525212038e-09, -0.0008358443999821729], [-6.453187710213768e-10, -3.2265938551068933e-09, -0.0008358443999968662], [0.0, 5.162550168142732e-09, -0.0008358443999922979], [6.453187710213768e-10, -3.2265938551068933e-09, -0.0008358443999968662], [4.5172313971161855e-09, -2.1258506147486996e-09, -0.0008358443999906732], [6.453187710129986e-09, 2.5812750840520174e-09, -0.0008358443999860368], [5.807868939138751e-09, -1.935956313046266e-09, -0.0008358443999891672], [7.098506481112313e-09, -3.2265938550510586e-09, -0.0008358443999824216], [-2.270685251646594e-09, 1.849055530929272e-09, -0.0008358443999958111], [6.453187710161593e-10, -5.807868939145459e-09, -0.0008358443999901265], [1.2906375420282462e-09, 6.453187710141234e-09, -0.0008358443999874748], [-5.807868939145459e-09, 6.453187710161593e-10, -0.0008358443999901265], [7.676235754971479e-10, -8.641800001018591e-10, -0.0008358443999981488], [7.098506481112313e-09, -3.2265938550510586e-09, -0.0008358443999824216], [7.098506481112313e-09, -3.2265938550510586e-09, -0.0008358443999824216], [1.9359563130618784e-09, 3.226593855103129e-09, -0.0008358443999959084], [5.8078689390785865e-09, -5.8078689390785865e-09, -0.0008358443999804852], [2.5812750840654066e-09, 5.162550168130813e-09, -0.0008358443999903569], [-6.49985664867564e-09, 7.450937430916062e-10, -0.000835844399986346], [2.5812750840877206e-09, 1.2906375420438603e-09, -0.0008358443999975949], [5.807868939125436e-09, -3.2265938550696606e-09, -0.0008358443999872265], [3.226593855095675e-09, 3.226593855095675e-09, -0.0008358443999939842], [2.581275084089183e-09, 0.0, -0.0008358443999980798], [-4.002263799270734e-09, 4.674940223909089e-09, -0.0008358443999866895], [-3.871912626066842e-09, 6.453187710111409e-09,