{"phase_arr": [-0.21422795308384615, -0.21425186532518747, -0.2142595090704817, -0.21423601739618456, -0.21425850061082308, -0.21422866803807358, -0.21423530241446093, -0.21425374020832263, -0.214256190320761, -0.2142506140022192, -0.2142465436062347, -0.21422813182234318, -0.21425610093790684, -0.21422064298931756, -0.09236494785679332, -0.21425186532518747, -0.214228578668761, -0.12100599737324094, -0.21425897276710307, -0.2142207323547802, -0.21423557053253225, -0.21423583865069482, -0.21423494492383452, -0.21425654785227802, -0.1137947353344336, -0.21423592802343416, -0.2142549021714322, -0.2142417972153785, -0.21425708414984804, -0.21425778554202404, -0.21423539178714054, -0.21425708414984804, -0.21425796430916344, -0.21425177594491115, -0.21421149554308508, -0.21425454464414362, -0.21425517031700161, -0.21425079276252437, -0.21424734800969833, -0.2142548127895959, -0.1072644340258219, -0.21425787492558815, -0.21425823245995007, -0.21422064298931756, -0.21425517031700161, -0.21424108221034488, -0.21423521304178883, -0.21423565990524354, -0.2142357492779636, -0.21425876876178693, -0.21425832184356447, -0.21425654785227802, -0.21422839993016404, -0.10363178436069477, -0.12100806039825154, -0.21425654785227802, -0.21421176362649366, -0.21421149554308508, -0.2142563690864992, -0.21424699049694995, -0.2142514184239053, -0.21423539178714054, -0.2142590621509749, -0.21424224409384424, -0.2142595090704817, -0.2142536508266141, -0.21422875740739655, -0.08424917301282063, -0.21422055362386644, -0.21425409773525622, -0.21425933030264868, -0.21425079276252437, -0.08773158863035983, -0.18432372033385913, -0.21422875740739655, -0.21425751739138515, -0.21422866803807358, -0.21422866803807358, -0.21422082172025075, -0.21425374020832263, -0.2142465436062347, -0.21425645846938415, -0.21424618609384194, -0.13323397084050823, -0.2142590369128381, -0.21424609671576794, -0.2142469011187864, -0.21425879399939035, -0.21422073235478023, -0.21424699049694995, -0.2142503458618336, -0.21423521304178883, -0.2142515971843883, -0.09679454141341434, -0.21425733862434307, -0.21425778554202404, -0.21425610093790684, -0.2142417972153785, -0.0844685132306668, -0.21423557053253225], "pos": [[-1.2906375420103947e-09, 9.034462794072747e-09, -0.0008358443999759108], [-7.743825252107048e-09, -2.5812750840356467e-09, -0.000835844399980735], [-5.8078689390785865e-09, -5.8078689390785865e-09, -0.0008358443999804852], [1.2906375420200458e-09, -7.74382525212038e-09, -0.0008358443999821729], [-2.5812750840877206e-09, -1.2906375420438603e-09, -0.0008358443999975949], [3.871912626066842e-09, -6.453187710111409e-09, -0.0008358443999836172], [6.453187710129986e-09, -2.5812750840520174e-09, -0.0008358443999860368], [7.098506481112313e-09, 3.2265938550510586e-09, -0.0008358443999824216], [5.807868939125436e-09, 3.2265938550696606e-09, -0.0008358443999872265], [6.453187710141234e-09, 1.2906375420282462e-09, -0.0008358443999874748], [-6.453187710161593e-10, 5.807868939145459e-09, -0.0008358443999901265], [-2.5812750840356467e-09, 7.743825252107048e-09, -0.000835844399980735], [6.453187710111409e-09, 3.871912626066842e-09, -0.0008358443999836172], [4.517231397055877e-09, -7.098506481087767e-09, -0.0008358443999795215], [-9.415860670309095e-09, 1.557616055840762e-08, -0.0008358443998987267], [-7.743825252107048e-09, -2.5812750840356467e-09, -0.000835844399980735], [-5.807868939105305e-09, 4.517231397081943e-09, -0.0008358443999843444], [-2.2433275980116915e-09, -1.1168359777839717e-09, -0.0008358443999950879], [-1.935956313066344e-09, -1.935956313066344e-09, -0.0008358443999978252], [-7.743825252084592e-09, 3.871912626042296e-09, -0.0008358443999783319], [4.517231397102744e-09, -4.517231397102744e-09, -0.0008358443999882034], [2.5812750840520174e-09, -6.453187710129986e-09, -0.0008358443999860368], [0.0, 9.034462794077917e-09, -0.0008358443999763912], [3.2265938551068933e-09, 6.453187710213768e-10, -0.0008358443999968662], [-9.953358101062742e-09, 8.73031005630917e-09, -0.0008358443999480994], [1.935956313035093e-09, -7.098506481128761e-09, -0.0008358443999843444], [-1.2906375420349404e-09, -5.162550168139762e-09, -0.0008358443999918128], [-4.517231397118405e-09, 3.2265938550845507e-09, -0.0008358443999910841], [-3.2265938551068933e-09, -6.453187710213768e-10, -0.0008358443999968662], [2.5812750840758407e-09, 3.871912626113751e-09, -0.0008358443999937355], [-3.2265938550696606e-09, 5.807868939125436e-09, -0.0008358443999872265], [-6.453187710213768e-10, -3.2265938551068933e-09, -0.0008358443999968662], [1.2906375420438603e-09, 2.5812750840877206e-09, -0.0008358443999975949], [-7.098506481128761e-09, -1.935956313035093e-09, -0.0008358443999843444], [6.45318771005199e-09, -6.45318771005199e-09, -0.0008358443999759108], [-2.5812750840877206e-09, 1.2906375420438603e-09, -0.0008358443999975949], [-3.2265938550510586e-09, -7.098506481112313e-09, -0.0008358443999824216], [0.0, 5.162550168142732e-09, -0.0008358443999922979], [-6.453187710144893e-09, 0.0, -0.0008358443999879536], [-6.453187710191408e-10, -4.517231397134002e-09, -0.0008358443999939842], [-1.100743240244037e-08, 1.1689764469456389e-08, -0.0008358443999225782], [1.9359563130618784e-09, 3.226593855103129e-09, -0.0008358443999959084], [-6.453187710236066e-10, 6.453187710236066e-10, -0.000835844399999766], [-7.098506481087767e-09, 4.517231397055877e-09, -0.0008358443999795215], [-3.2265938550510586e-09, -7.098506481112313e-09, -0.0008358443999824216], [6.453187710079867e-10, 8.389144023103731e-09, -0.0008358443999795215], [-1.935956313035093e-09, 7.098506481128761e-09, -0.0008358443999843444], [-5.1625501681159694e-09, 3.871912626086938e-09, -0.0008358443999879536], [3.2265938550696606e-09, -5.807868939125436e-09, -0.0008358443999872265], [-4.517231397118405e-09, -3.2265938550845507e-09, -0.0008358443999910841], [-1.2906375420468289e-09, 0.0, -0.0008358443999995177], [6.453187710213768e-10, 3.2265938551068933e-09, -0.0008358443999968662], [5.807868939105305e-09, -4.517231397081943e-09, -0.0008358443999843444], [-1.4954980894068347e-08, 6.313180893924886e-09, -0.000835844399920569], [-3.001295531013827e-09, -5.521418212801841e-09, -0.0008358443999851123], [3.2265938551068933e-09, 6.453187710213768e-10, -0.0008358443999968662], [-8.389144023045734e-09, 4.517231397024601e-09, -0.0008358443999737456], [6.45318771005199e-09, -6.45318771005199e-09, -0.0008358443999759108], [4.517231397128749e-09, 1.935956313055203e-09, -0.0008358443999930086], [2.5812750840758407e-09, -3.871912626113751e-09, -0.0008358443999937355], [-4.517231397134002e-09, 6.453187710191408e-10, -0.0008358443999939842], [5.807868939125436e-09, -3.2265938550696606e-09, -0.0008358443999872265], [-2.5812750840832464e-09, -2.5812750840832464e-09, -0.0008358443999961389], [0.0, -7.743825252124785e-09, -0.0008358443999826519], [-5.8078689390785865e-09, -5.8078689390785865e-09, -0.0008358443999804852], [3.871912626042296e-09, 7.743825252084592e-09, -0.0008358443999783319], [-7.098506481112313e-09, 3.2265938550510586e-09, -0.0008358443999824216], [-3.743170726630763e-09, 4.219515754615663e-09, -0.000835844399988848], [-6.45318771008544e-09, 5.162550168068309e-09, -0.000835844399980255], [6.453187710191408e-10, 4.517231397134002e-09, -0.0008358443999939842], [-4.517231397102744e-09, -4.517231397102744e-09, -0.0008358443999882034], [5.162550168142732e-09, 0.0, -0.0008358443999922979], [4.827821229579373e-10, -4.518840670868063e-09, -0.0008358443999927183], [9.002277318964033e-09, 8.921813631805118e-09, -0.0008358443999532285], [-7.098506481112313e-09, 3.2265938550510586e-09, -0.0008358443999824216], [5.807868939105305e-09, 4.517231397081943e-09, -0.0008358443999843444], [-6.453187710111409e-09, 3.871912626066842e-09, -0.0008358443999836172], [3.871912626066842e-09, -6.453187710111409e-09, -0.0008358443999836172], [-8.389144023074772e-09, 3.2265938550287805e-09, -0.0008358443999766395], [3.2265938550510586e-09, 7.098506481112313e-09, -0.0008358443999824216], [-6.453187710161593e-10, 