{"phase_arr": [-0.21425879399939035, -0.2142586152317168, -0.21425879399939035, -0.21425879399939035, -0.21425879399939035, -0.21425823245995007, -0.21425879399939035, -0.21425879399939035, -0.21425823245995007, -0.21374814941016312, -0.21425879399939035, -0.21425823245995007, -0.21425823245995007, -0.2142586152317168, -0.21425879399939035, -0.21425879399939035, -0.21425823245995007, -0.2142586152317168, -0.2142586152317168, -0.21425823245995007, -0.21425823245995007, -0.21425879399939035, -0.21425879399939035, -0.2142586152317168, -0.21425823245995007, -0.21425861521947584, -0.21425823245995007, -0.21425823245995007, -0.2142586152317168, -0.21425879399939035, -0.21374814941016312, -0.21374814941016312, -0.21425823245995007, -0.21425879399939035, -0.21425823245995007, -0.21374814941016312, -0.21425823245995007, -0.21425823245995007, -0.21425823245995007, -0.21425823245995007, -0.21425823245995007, -0.21425879399939035, -0.2142586152317168, -0.21374814941016312, -0.21425879399939035, -0.21425823245995007, -0.21425879399939035, -0.21425823245995007, -0.21374814941016312, -0.21374814941016312, -0.21425823245995007, -0.2142586152317168, -0.21425823245995007, -0.21374814941016312, -0.21425823245995007, -0.21425823245995007, -0.21374814941016312, -0.21425823245995007, -0.21425879399939035, -0.21425823245995007, -0.040155915971785125, -0.2142587873206469, -0.21374814941016312, -0.21425823245995007, -0.21374814941016312, -0.2142586152317168, -0.2142586152317168, -0.018653719297114825, -0.21425823245995007, -0.2142586152317168, -0.21425823245995007, -0.2142586152317168, -0.21425823245995007, -0.2142587918848411, -0.21425879399939035, -0.21374814941016312, -0.027126367751190938, -0.21425823245995007, -0.21425879399939035, -0.2142586152317168, -0.21374814941016312, -0.21425823245995007, -0.21425879399939035, -0.21374814941016312, -0.21425879399939035, -0.21425861493064846, -0.2142586152317168, -0.2142586152317168, -0.21425879399939035, -0.21425823245995007, -0.214258232386371, -0.2142586152317168, -0.21425879399939035, -0.21425823245995007, -0.21425823245995007, -0.21425879399939035, -0.21374814941016312, -0.21425823245995007, -0.21425879399939035, -0.21425879399939035], "pos": [[-6.453187710236066e-10, -6.453187710236066e-10, -0.000835844399999766], [6.453187710236066e-10, 6.453187710236066e-10, -0.000835844399999766], [-6.453187710236066e-10, -6.453187710236066e-10, -0.000835844399999766], [-6.453187710236066e-10, -6.453187710236066e-10, -0.000835844399999766], [-6.453187710236066e-10, -6.453187710236066e-10, -0.000835844399999766], [6.453187710236066e-10, -6.453187710236066e-10, -0.000835844399999766], [-6.453187710236066e-10, -6.453187710236066e-10, -0.000835844399999766], [-6.453187710236066e-10, -6.453187710236066e-10, -0.000835844399999766], [6.453187710236066e-10, -6.453187710236066e-10, -0.000835844399999766], [0.0, 0.0, -0.0004189643999999974], [-6.453187710236066e-10, -6.453187710236066e-10, -0.000835844399999766], [6.453187710236066e-10, -6.453187710236066e-10, -0.000835844399999766], [-6.453187710236066e-10, 6.453187710236066e-10, -0.000835844399999766], [6.453187710236066e-10, 6.453187710236066e-10, -0.000835844399999766], [-6.453187710236066e-10, -6.453187710236066e-10, -0.000835844399999766], [-6.453187710236066e-10, -6.453187710236066e-10, -0.000835844399999766], [6.453187710236066e-10, -6.453187710236066e-10, -0.000835844399999766], [6.453187710236066e-10, 6.453187710236066e-10, -0.000835844399999766], [6.453187710236066e-10, 6.453187710236066e-10, -0.000835844399999766], [6.453187710236066e-10, -6.453187710236066e-10, -0.000835844399999766], [-6.453187710236066e-10, 6.453187710236066e-10, -0.000835844399999766], [-6.453187710236066e-10, -6.453187710236066e-10, -0.000835844399999766], [-6.453187710236066e-10, -6.453187710236066e-10, -0.000835844399999766], [6.453187710236066e-10, 6.453187710236066e-10, -0.000835844399999766], [-6.453187710236066e-10, 6.453187710236066e-10, -0.000835844399999766], [5.1174905033792e-10, 7.788884917092075e-10, -0.000835844399999712], [6.453187710236066e-10, -6.453187710236066e-10, -0.000835844399999766], [6.453187710236066e-10, -6.453187710236066e-10, -0.000835844399999766], [6.453187710236066e-10, 6.453187710236066e-10, -0.000835844399999766], [-6.453187710236066e-10, -6.453187710236066e-10, -0.000835844399999766], [0.0, 0.0, -0.0004189643999999974], [0.0, 0.0, -0.0004189643999999974], [6.453187710236066e-10, -6.453187710236066e-10, -0.000835844399999766], [-6.453187710236066e-10, -6.453187710236066e-10, -0.000835844399999766], [-6.453187710236066e-10, 6.453187710236066e-10, -0.000835844399999766], [0.0, 0.0, -0.0004189643999999974], [-6.453187710236066e-10, 6.453187710236066e-10, -0.000835844399999766], [6.453187710236066e-10, -6.453187710236066e-10, -0.000835844399999766], [-6.453187710236066e-10, 6.453187710236066e-10, -0.000835844399999766], [-6.453187710236066e-10, 6.453187710236066e-10, -0.000835844399999766], [6.453187710236066e-10, -6.453187710236066e-10, -0.000835844399999766], [-6.453187710236066e-10, -6.453187710236066e-10, -0.000835844399999766], [6.453187710236066e-10, 6.453187710236066e-10, -0.000835844399999766], [0.0, 0.0, -0.0004189643999999974], [-6.453187710236066e-10, -6.453187710236066e-10, -0.000835844399999766], [-6.453187710236066e-10, 6.453187710236066e-10, -0.000835844399999766], [-6.453187710236066e-10, -6.453187710236066e-10, -0.000835844399999766], [6.453187710236066e-10, -6.453187710236066e-10, -0.000835844399999766], [0.0, 0.0, -0.0004189643999999974], [0.0, 0.0, -0.0004189643999999974], [6.453187710236066e-10, -6.453187710236066e-10, -0.000835844399999766], [6.453187710236066e-10, 6.453187710236066e-10, -0.000835844399999766], [6.453187710236066e-10, -6.453187710236066e-10, -0.000835844399999766], [0.0, 0.0, -0.0004189643999999974], [-6.453187710236066e-10, 6.453187710236066e-10, -0.000835844399999766], [-6.453187710236066e-10, 6.453187710236066e-10, -0.000835844399999766], [0.0, 0.0, -0.0004189643999999974], [6.453187710236066e-10, -6.453187710236066e-10, -0.000835844399999766], [-6.453187710236066e-10, -6.453187710236066e-10, -0.000835844399999766], [-6.453187710236066e-10, 6.453187710236066e-10, -0.000835844399999766], [-1.6253664806330195e-10, 1.6253664806330195e-10, -0.00041896439999993717], [-8.44868715180409e-10, -4.457688268666778e-10, -0.0008358443999996854], [0.0, 0.0, -0.0004189643999999974], [-6.453187710236066e-10, 6.453187710236066e-10, -0.000835844399999766], [0.0, 0.0, -0.0004189643999999974], [6.453187710236066e-10, 6.453187710236066e-10, -0.000835844399999766], [6.453187710236066e-10, 6.453187710236066e-10, -0.000835844399999766], [-1.931128491841213e-10, 1.931128491841213e-10, -0.00041896439999992584], [-6.453187710236066e-10, 6.453187710236066e-10, -0.000835844399999766], [6.453187710236066e-10, 6.453187710236066e-10, -0.000835844399999766], [6.453187710236066e-10, -6.453187710236066e-10, -0.000835844399999766], [6.453187710236066e-10, 6.453187710236066e-10, -0.000835844399999766], [6.453187710236066e-10, -6.453187710236066e-10, -0.000835844399999766], [-8.319945252348083e-10, -4.5864301681228574e-10, -0.0008358443999996906], [-6.453187710236066e-10, -6.453187710236066e-10, -0.000835844399999766], [0.0, 0.0, -0.0004189643999999974], [-1.7862938549531214e-10, 1.7862938549531214e-10, -0.0004189643999999312], [6.453187710236066e-10, -6.453187710236066e-10, -0.000835844399999766], [-6.453187710236066e-10, -6.453187710236066e-10, -0.000835844399999766], [6.453187710236066e-10, 6.453187710236066e-10, -0.000835844399999766], [0.0, 0.0, -0.0004189643999999974], [6.453187710236066e-10, -6.453187710236066e-10, -0.000835844399999766], [-6.453187710236066e-10, -6.453187710236066e-10, -0.000835844399999766], [0.0, 0.0, -0.0004189643999999974], [-6.453187710236066e-10, -6.453187710236066e-10, -0.000835844399999766], [4.795635754738991e-10, 8.110739665732077e-10, -0.000835844399999699], [6.453187710236066e-10, 6.453187710236066e-10, -0.000835844399999766], 