{"phase_arr": [-0.21425787492558815, -0.21425654785227802, -0.21425663723518193, -0.21425123966346102, -0.21425463402595157, -0.21425841122718906, -0.207278262386896, -0.21425796430916344, -0.21425823245995007, -0.21425814307634455, -0.21425897276710307, -0.08335006152185628, -0.21425454464414362, -0.08320935976860203, -0.2142588833832404, -0.21425850061082308, -0.21425445526234663, -0.214258436464081, -0.21425663723518193, -0.21425654785227802, -0.21425814307634455, -0.21425106090305687, -0.21374814941016312, -0.21425796430916344, -0.21425115020971655, -0.21425796430916344, -0.21425115028325398, -0.21425454464414362, -0.21425427649878184, -0.21425427649878184, -0.21425115028325398, -0.09390790645787629, -0.214257075326873, -0.21425690538395187, -0.21425672661809497, -0.21425814307634455, -0.21425852584789234, -0.21425796430916344, -0.21425681600101737, -0.21425672661697334, -0.21425814307634455, -0.21425823244770986, -0.190017284036138, -0.2142585889829988, -0.21425805369274925, -0.21425454464414362, -0.21425796430916344, -0.21425823245995007, -0.21425115028325398, -0.2076606237683857, -0.21425445526234663, -0.1169653201817758, -0.214258436464081, -0.21425654785227802, -0.08878031914044472, -0.21425654785227802, -0.20766170326041733, -0.21425805369274925, -0.21425832184356447, -0.21425115028325398, -0.2142566366786607, -0.21425663675886344, -0.21425796430916344, -0.21425654785227802, -0.21425816562871539, -0.21425823245995007, -0.09536613492492851, -0.21422541430067532, -0.1532674924894078, -0.21425681600101737, -0.2142579643078234, -0.21425850061082308, -0.21425681600101737, -0.2142568159922636, -0.2142543658805588, -0.21425663723518193, -0.21425647135871848, -0.21425690538395187, -0.21425671779566305, -0.21425115028325398, -0.21425454464414362, -0.21425689001409487, -0.21425834708027788, -0.21425663636220324, -0.21425708414984804, -0.21425463402595157, -0.2142546339980625, -0.21425427649878184, -0.2142566372320022, -0.21425879399939035, -0.21425832184356447, -0.21425805369274925, -0.2142556408092978, -0.21425823245995007, -0.09390721116462322, -0.2142590621509749, -0.21425454464414362, -0.21425663723518193, -0.21425787492558815, -0.21374814941016312], "pos": [[3.226593855103129e-09, 1.9359563130618784e-09, -0.0008358443999959084], [6.453187710213768e-10, 3.2265938551068933e-09, -0.0008358443999968662], [2.581275084089183e-09, 0.0, -0.0008358443999980798], [1.9359563130618784e-09, -3.226593855103129e-09, -0.0008358443999959084], [6.453187710213768e-10, -3.2265938551068933e-09, -0.0008358443999968662], [-1.9359563130685765e-09, -6.45318771022861e-10, -0.0008358443999987905], [-6.340538548207094e-10, 1.5094987711210395e-09, -0.0008358443999989574], [1.2906375420438603e-09, 2.5812750840877206e-09, -0.0008358443999975949], [6.453187710236066e-10, -6.453187710236066e-10, -0.000835844399999766], [1.2906375420468289e-09, 0.0, -0.0008358443999995177], [-1.935956313066344e-09, -1.935956313066344e-09, -0.0008358443999978252], [5.825570950347356e-10, 4.203423017212804e-09, -0.0008358443999945228], [-2.5812750840877206e-09, 1.2906375420438603e-09, -0.0008358443999975949], [-3.6852368719398766e-10, -9.221138548525916e-10, -0.0008358443999993528], [-1.290637542046083e-09, -1.290637542046083e-09, -0.0008358443999990392], [-1.2906375420438603e-09, -2.5812750840877206e-09, -0.0008358443999975949], [1.935956313066344e-09, -1.935956313066344e-09, -0.0008358443999978252], [1.935956313066344e-09, 1.935956313066344e-09, -0.0008358443999978252], [0.0, 2.581275084089183e-09, -0.0008358443999980798], [3.2265938551068933e-09, 6.453187710213768e-10, -0.0008358443999968662], [0.0, 1.2906375420468289e-09, -0.0008358443999995177], [3.226593855103129e-09, -1.9359563130618784e-09, -0.0008358443999959084], [0.0, 0.0, -0.0004189643999999974], [2.5812750840877206e-09, 1.2906375420438603e-09, -0.0008358443999975949], [-3.4132696093010463e-09, 2.0518240225720807e-09, -0.0008358443999943096], [1.2906375420438603e-09, 2.5812750840877206e-09, -0.0008358443999975949], [2.5812750840832464e-09, -2.5812750840832464e-09, -0.0008358443999961389], [-2.5812750840877206e-09, 1.2906375420438603e-09, -0.0008358443999975949], [3.2265938551068933e-09, -6.453187710213768e-10, -0.0008358443999968662], [-6.453187710213768e-10, 3.2265938551068933e-09, -0.0008358443999968662], [2.5812750840832464e-09, -2.5812750840832464e-09, -0.0008358443999961389], [2.0244663689324807e-09, 4.074681117753017e-09, -0.0008358443999936363], [-1.6591612292299523e-09, -3.0238253634612296e-09, -0.0008358443999958826], [6.45318771022861e-10, -1.9359563130685765e-09, -0.0008358443999987905], [1.9359563130685765e-09, -6.45318771022861e-10, -0.0008358443999987905], [1.2906375420468289e-09, 0.0, -0.0008358443999995177], [1.290637542046083e-09, 1.290637542046083e-09, -0.0008358443999990392], [1.2906375420438603e-09, 2.5812750840877206e-09, -0.0008358443999975949], [1.290637542046083e-09, -1.290637542046083e-09, -0.0008358443999990392], [-1.200518212422537e-09, 2.0469962013466365e-09, -0.0008358443999979227], [1.2906375420468289e-09, 0.0, -0.0008358443999995177], [-9.124582123940446e-10, 1.1103988828179215e-10, -0.0008358443999993611], [-3.739952179174877e-09, 2.832321787967778e-10, -0.000835844399995055], [-2.1145856985565745e-09, -3.0479644696088347e-09, -0.0008358443999959686], [1.9359563130685765e-09, 6.45318771022861e-10, -0.0008358443999987905], [1.2906375420438603e-09, -2.5812750840877206e-09, -0.0008358443999975949], [2.5812750840877206e-09, 1.2906375420438603e-09, -0.0008358443999975949], [6.453187710236066e-10, -6.453187710236066e-10, -0.000835844399999766], [-2.5812750840832464e-09, 2.5812750840832464e-09, -0.0008358443999961389], [-6.292260335837675e-10, -4.0601976540630555e-09, -0.0008358443999942002], [-1.935956313066344e-09, 1.935956313066344e-09, -0.0008358443999978252], [-2.0325127376529406e-09, 8.062461453355607e-10, -0.0008358443999970363], [1.935956313066344e-09, 1.935956313066344e-09, -0.0008358443999978252], [6.453187710213768e-10, 3.2265938551068933e-09, -0.0008358443999968662], [7.273917319261608e-10, 1.6897374303591067e-09, -0.0008358443999988824], [3.2265938551068933e-09, 6.453187710213768e-10, -0.0008358443999968662], [8.883191062434937e-10, 6.662393296812763e-10, -0.0008358443999983707], [1.9359563130685765e-09, 6.45318771022861e-10, -0.0008358443999987905], [0.0, -1.2906375420468289e-09, -0.0008358443999995177], [2.5812750840832464e-09, -2.5812750840832464e-09, -0.0008358443999961389], [1.7203136314780515e-09, -1.7219229052250807e-10, -0.0008358443999985322], [-8.529150838935835e-10, 2.069526033752073e-09, -0.000835844399997758], [1.2906375420438603e-09, 2.5812750840877206e-09, -0.0008358443999975949], [3.2265938551068933e-09, 6.453187710213768e-10, -0.0008358443999968662], [-2.7132355310257033e-09, -6.404909497941684e-10, -0.0008358443999967604], [6.453187710236066e-10, -6.453187710236066e-10, -0.000835844399999766], [9.977497207811602e-10, -1.792730949921517e-09, -0.0008358443999976989], [-2.214360670624443e-09, -3.5404022350174564e-09, -0.0008358443999941796], [-5.922127374908229e-10, 5.719358883271058e-09, -0.0008358443999903313], [-1.290637542046083e-09, 1.290637542046083e-09, -0.0008358443999990392], [8.400408939494033e-10, 2.8065734081333336e-09, -0.0008358443999971699], [-2.5812750840877206e-09, -1.2906375420438603e-09, -0.0008358443999975949], [1.290637542046083e-09, -1.290637542046083e-09, -0.0008358443999990392], [7.692328492494135e-10, -1.290637542046083e-09, -0.0008358443999990392], [2.5812750840877206e-09, -1.2906375420438603e-09, -0.0008358443999975949], [0.0, 2.581275084089183e-09, -0.0008358443999980798], [-4.972655866439649e-10, 3.455110726635495e-09, -0.0008358443999957577], [-1.9359563130685765e-09, 6.45318771022861e-10, -0.0008358443999987905], [-1.4563927375858829e-09, 2.7470302796278748e-09, -0.0008358443999963725], [2.5812750840832464e-09, -2.5812750840832464e-09, -0.0008358443999961389], [1.2906375420438603e-09, -2.5812750840877206e-09, -0.0008358443999975949], 