{"phase_arr": [-0.21425717353281137, -0.1630238454068862, -0.21425787492558815, -0.21425454464414362, -0.21425805369274925, -0.21425123966346102, -0.21425796430916344, -0.21425897276710307, -0.21425115028325398, -0.2142543658805588, -0.21425858999446767, -0.21425115028325398, -0.21425858999446767, -0.08334949288915407, -0.21425852584789234, -0.21425823245995007, -0.21425690538395187, -0.21425858999446767, -0.2142543658805588, -0.21425123966346102, -0.21425645846938415, -0.21425123966346102, -0.21425123966346102, -0.21425805369274925, -0.21425645846938415, -0.21425708414984804, -0.21425699476689516, -0.214258436464081, -0.08320916005132098, -0.21425690538395187, -0.21425805369274925, -0.21425852584789234, -0.21425427649878184, -0.21425858999446767, -0.2142543658805588, -0.21425879399939035, -0.21425879399939035, -0.2142513290436788, -0.1988475779120412, -0.21425115028325398, -0.2142547234077682, -0.21425463402595157, -0.21425834708027788, -0.21425654785227802, -0.21425708414984804, -0.21425427649878184, -0.21425699476689516, -0.21425690538395187, -0.21425097152287015, -0.2142588833832404, -0.21425115028325398, -0.21425445526234663, -0.21425699476689516, -0.21425681600101737, -0.21425645846938415, -0.21425850061082308, -0.21425463402595157, -0.21425681600101737, -0.21425805369274925, -0.21425805369274925, -0.21425463402595157, -0.2142543658805588, -0.21425654785227802, -0.21425850061082308, -0.21425805369274925, -0.21425690538395187, -0.21425823245995007, -0.2142588833832404, -0.21425690538395187, -0.2142547234077682, -0.21425106090305687, -0.21425814307634455, -0.2142547234077682, -0.21425106090305687, -0.21425123966346102, -0.21425805369274925, -0.21425106090305687, -0.21425879399939035, -0.21425663723518193, -0.21425681600101737, -0.21425663723518193, -0.21425708414984804, -0.21425654785227802, -0.21425645846938415, -0.21425427649878184, -0.21425814307634455, -0.19000469531631006, -0.2142543658805588, -0.2142513290436788, -0.2142543658805588, -0.21425805369274925, -0.21425454464414362, -0.21425672661809497, -0.21425834708027788, -0.21425097152287015, -0.21425115028325398, -0.2142543658805588, -0.08300272348673973, -0.21425672661809497, -0.21425832184356447], "pos": [[-3.871912626120415e-09, -1.2906375420401347e-09, -0.0008358443999951797], [-1.3196044694214028e-09, 2.494374301955093e-09, -0.0008358443999975949], [3.226593855103129e-09, 1.9359563130618784e-09, -0.0008358443999959084], [1.2906375420438603e-09, -2.5812750840877206e-09, -0.0008358443999975949], [6.45318771022861e-10, 1.9359563130685765e-09, -0.0008358443999987905], [1.9359563130618784e-09, -3.226593855103129e-09, -0.0008358443999959084], [2.5812750840877206e-09, 1.2906375420438603e-09, -0.0008358443999975949], [-1.935956313066344e-09, -1.935956313066344e-09, -0.0008358443999978252], [-2.5812750840832464e-09, 2.5812750840832464e-09, -0.0008358443999961389], [2.5812750840877206e-09, -1.2906375420438603e-09, -0.0008358443999975949], [-3.226593855103129e-09, -1.9359563130618784e-09, -0.0008358443999959084], [-2.5812750840832464e-09, 2.5812750840832464e-09, -0.0008358443999961389], [-1.9359563130618784e-09, -3.226593855103129e-09, -0.0008358443999959084], [-2.518513408092591e-09, 3.5581042461921986e-09, -0.0008358443999942274], [1.290637542046083e-09, 1.290637542046083e-09, -0.0008358443999990392], [6.453187710236066e-10, -6.453187710236066e-10, -0.000835844399999766], [-1.9359563130685765e-09, 6.45318771022861e-10, -0.0008358443999987905], [-3.226593855103129e-09, -1.9359563130618784e-09, -0.0008358443999959084], [-1.2906375420438603e-09, 2.5812750840877206e-09, -0.0008358443999975949], [1.9359563130618784e-09, -3.226593855103129e-09, -0.0008358443999959084], [3.871912626120415e-09, 1.2906375420401347e-09, -0.0008358443999951797], [-3.226593855103129e-09, 1.9359563130618784e-09, -0.0008358443999959084], [-3.226593855103129e-09, 1.9359563130618784e-09, -0.0008358443999959084], [6.45318771022861e-10, 1.9359563130685765e-09, -0.0008358443999987905], [1.2906375420401347e-09, 3.871912626120415e-09, -0.0008358443999951797], [-6.453187710213768e-10, -3.2265938551068933e-09, -0.0008358443999968662], [-2.581275084089183e-09, 0.0, -0.0008358443999980798], [1.935956313066344e-09, 1.935956313066344e-09, -0.0008358443999978252], [-4.378833855206945e-09, 2.811401229342519e-09, -0.0008358443999917039], [-1.9359563130685765e-09, 6.45318771022861e-10, -0.0008358443999987905], [6.45318771022861e-10, 1.9359563130685765e-09, -0.0008358443999987905], [1.290637542046083e-09, 1.290637542046083e-09, -0.0008358443999990392], [-6.453187710213768e-10, 3.2265938551068933e-09, -0.0008358443999968662], [-3.226593855103129e-09, -1.9359563130618784e-09, -0.0008358443999959084], [2.5812750840877206e-09, -1.2906375420438603e-09, -0.0008358443999975949], [-6.453187710236066e-10, -6.453187710236066e-10, -0.000835844399999766], [-6.453187710236066e-10, -6.453187710236066e-10, -0.000835844399999766], [1.2906375420401347e-09, -3.871912626120415e-09, -0.0008358443999951797], [-3.73834290543346e-09, 2.5587452516606784e-10, -0.0008358443999954388], [2.5812750840832464e-09, -2.5812750840832464e-09, -0.0008358443999961389], [-3.871912626122679e-09, 0.0, -0.0008358443999956602], [-3.2265938551068933e-09, 6.453187710213768e-10, -0.0008358443999968662], [2.5812750840832464e-09, 2.5812750840832464e-09, -0.0008358443999961389], [3.2265938551068933e-09, 6.453187710213768e-10, -0.0008358443999968662], [-3.2265938551068933e-09, -6.453187710213768e-10, -0.0008358443999968662], [-6.453187710213768e-10, 3.2265938551068933e-09, -0.0008358443999968662], [-2.581275084089183e-09, 0.0, -0.0008358443999980798], [6.45318771022861e-10, -1.9359563130685765e-09, -0.0008358443999987905], [-1.2906375420401347e-09, 3.871912626120415e-09, -0.0008358443999951797], [-1.290637542046083e-09, -1.290637542046083e-09, -0.0008358443999990392], [-2.5812750840832464e-09, 2.5812750840832464e-09, -0.0008358443999961389], [-1.935956313066344e-09, 1.935956313066344e-09, -0.0008358443999978252], [-2.581275084089183e-09, 0.0, -0.0008358443999980798], [-1.290637542046083e-09, 1.290637542046083e-09, -0.0008358443999990392], [3.871912626120415e-09, 1.2906375420401347e-09, -0.0008358443999951797], [-1.2906375420438603e-09, -2.5812750840877206e-09, -0.0008358443999975949], [6.453187710213768e-10, -3.2265938551068933e-09, -0.0008358443999968662], [-1.290637542046083e-09, 1.290637542046083e-09, -0.0008358443999990392], [6.45318771022861e-10, 1.9359563130685765e-09, -0.0008358443999987905], [6.45318771022861e-10, 1.9359563130685765e-09, -0.0008358443999987905], [-3.2265938551068933e-09, 6.453187710213768e-10, -0.0008358443999968662], [-1.2906375420438603e-09, 2.5812750840877206e-09, -0.0008358443999975949], [3.2265938551068933e-09, 6.453187710213768e-10, -0.0008358443999968662], [-1.2906375420438603e-09, -2.5812750840877206e-09, -0.0008358443999975949], [1.9359563130685765e-09, 6.45318771022861e-10, -0.0008358443999987905], [-1.9359563130685765e-09, 6.45318771022861e-10, -0.0008358443999987905], [6.453187710236066e-10, -6.453187710236066e-10, -0.000835844399999766], [-1.290637542046083e-09, -1.290637542046083e-09, -0.0008358443999990392], [6.45318771022861e-10, -1.9359563130685765e-09, -0.0008358443999987905], [0.0, -3.871912626122679e-09, -0.0008358443999956602], [-1.9359563130618784e-09, 3.226593855103129e-09, -0.0008358443999959084], [0.0, 1.2906375420468289e-09, -0.0008358443999995177], [-3.871912626122679e-09, 0.0, -0.0008358443999956602], [3.226593855103129e-09, -1.9359563130618784e-09, -0.0008358443999959084], [1.9359563130618784e-09, -3.226593855103129e-09, -0.0008358443999959084], [1.9359563130685765e-09, 6.45318771022861e-10, -0.0008358443999987905], [-1.9359563130618784e-09, 3.226593855103129e-09, -0.0008358443999959084], [-6.453187710236066e-10, -6.453187710236066e-10, -0.000835844399999766], [2.581275084089183e-09, 0.0, -0.0008358443999980798], [1.290637542046083e-09, -1.290637542046083e-09, -0.0008358443999990392], [2.581275084089183e-09, 0.0, 