{"phase_arr": [-0.11902254406815767, -0.2142548127895959, -0.21425079276252437, -0.21425807892892926, -0.214258436464081, -0.21425463402595157, -0.21422848929945817, -0.21425409773525622, -0.21425663723518193, -0.21425525969887874, -0.21424224409384424, -0.21424170783971389, -0.21422813182234318, -0.2142465436062347, -0.21422839993016404, -0.21425382959004205, -0.21424663298435778, -0.214255080935136, -0.21425852584789234, -0.21425106090305687, -0.214258436464081, -0.21425517031700161, -0.2142518653251875, -0.2142563690864992, -0.12100534432681684, -0.21425645846938415, -0.21424126096154392, -0.21425769615846793, -0.21425070338236643, -0.21423539178714054, -0.2142543658805588, -0.214255080935136, -0.21424645422812197, -0.21422804245309024, -0.21425924091874757, -0.21425876876178693, -0.08385817275422874, -0.21424672236249026, -0.21425079276252437, -0.2142547234077682, -0.21425879399939035, -0.21424734800969833, -0.21424117158593914, -0.21424215471813132, -0.1898390086471914, -0.21425525969887874, -0.2142543658805588, -0.21424752676613162, -0.21424743738790966, -0.21425177594491115, -0.21425778554202404, -0.21422831056088024, -0.12303481859606782, -0.21425374020832263, -0.21425825769648552, -0.12043669822094387, -0.21425924091874757, -0.214256190320761, -0.09390499660564496, -0.21425832184356447, -0.21425690538395187, -0.12510291283890373, -0.214256190320761, -0.21424108221034488, -0.08668630325012476, -0.21425610093790684, -0.2142465436062347, -0.2142418865910515, -0.2142418865910515, -0.21425391897176985, -0.08446867638784165, -0.21425177594491115, -0.21425850061082308, -0.214228578668761, -0.21424117158593914, -0.21424699049694995, -0.21423592802343416, -0.2142563690864992, -0.21424206534242848, -0.21423521304178883, -0.1485895240380803, -0.21425627970362604, -0.21425769615846793, -0.21424707987512068, -0.21425097152287015, -0.21425610093790684, -0.2142418865910515, -0.12302995919316484, -0.21423557053253225, -0.21425645846938415, -0.2142590621509749, -0.12100083788623069, -0.2142419759667353, -0.2142541871170137, -0.08424979587876005, -0.09536411730850307, -0.1210062543127235, -0.21425753106476056, -0.21425150780414173, -0.2142541871170137], "pos": [[-6.5223864809291206e-09, 6.9665460340510625e-09, -0.0008358443999707411], [-6.453187710191408e-10, -4.517231397134002e-09, -0.0008358443999939842], [5.162550168142732e-09, 0.0, -0.0008358443999922979], [4.517231397102744e-09, 4.517231397102744e-09, -0.0008358443999882034], [1.935956313066344e-09, 1.935956313066344e-09, -0.0008358443999978252], [-3.2265938551068933e-09, 6.453187710213768e-10, -0.0008358443999968662], [-5.1625501680950864e-09, 5.1625501680950864e-09, -0.0008358443999845926], [4.517231397134002e-09, 6.453187710191408e-10, -0.0008358443999939842], [0.0, 2.581275084089183e-09, -0.0008358443999980798], [-7.743825252084592e-09, -3.871912626042296e-09, -0.0008358443999783319], [0.0, -7.743825252124785e-09, -0.0008358443999826519], [-3.871912626102616e-09, 3.871912626102616e-09, -0.0008358443999913339], [7.743825252107048e-09, -2.5812750840356467e-09, -0.000835844399980735], [5.807868939145459e-09, -6.453187710161593e-10, -0.0008358443999901265], [-4.517231397081943e-09, 5.807868939105305e-09, -0.0008358443999843444], [2.5812750840520174e-09, 6.453187710129986e-09, -0.0008358443999860368], [5.162550168139762e-09, -1.2906375420349404e-09, -0.0008358443999918128], [-6.453187710129986e-09, -2.5812750840520174e-09, -0.0008358443999860368], [1.290637542046083e-09, 1.290637542046083e-09, -0.0008358443999990392], [-1.9359563130618784e-09, 3.226593855103129e-09, -0.0008358443999959084], [1.935956313066344e-09, 1.935956313066344e-09, -0.0008358443999978252], [-3.2265938550510586e-09, -7.098506481112313e-09, -0.0008358443999824216], [-2.5812750840356467e-09, -7.743825252107048e-09, -0.000835844399980735], [4.517231397128749e-09, 1.935956313055203e-09, -0.0008358443999930086], [-1.4547834638120262e-09, -7.067930279986567e-09, -0.000835844399982585], [3.871912626120415e-09, 1.2906375420401347e-09, -0.0008358443999951797], [-6.453187710124507e-10, 7.098506481136859e-09, -0.0008358443999853034], [4.517231397118405e-09, 3.2265938550845507e-09, -0.0008358443999910841], [5.807868939145459e-09, 6.453187710161593e-10, -0.0008358443999901265], [-3.2265938550696606e-09, 5.807868939125436e-09, -0.0008358443999872265], [2.5812750840877206e-09, -1.2906375420438603e-09, -0.0008358443999975949], [-2.5812750840520174e-09, -6.453187710129986e-09, -0.0008358443999860368], [0.0, 6.453187710144893e-09, -0.0008358443999879536], [8.389144023094106e-09, -1.93595631302172e-09, -0.0008358443999785622], [-3.871912626102616e-09, -3.871912626102616e-09, -0.0008358443999913339], [-4.517231397118405e-09, -3.2265938550845507e-09, -0.0008358443999910841], [-1.2600613408242684e-09, -1.2856487933624759e-08, -0.0008358443999489492], [-1.935956313055203e-09, 4.517231397128749e-09, -0.0008358443999930086], [0.0, 5.162550168142732e-09, -0.0008358443999922979], [-3.871912626122679e-09, 0.0, -0.0008358443999956602], [-6.453187710236066e-10, -6.453187710236066e-10, -0.000835844399999766], [-6.453187710144893e-09, 0.0, -0.0008358443999879536], [0.0, 7.743825252124785e-09, -0.0008358443999826519], [-7.098506481136859e-09, 6.453187710124507e-10, -0.0008358443999853034], [1.78629385494694e-10, -2.840368156719504e-09, -0.0008358443999935646], [-3.871912626042296e-09, -7.743825252084592e-09, -0.0008358443999783319], [2.5812750840877206e-09, -1.2906375420438603e-09, -0.0008358443999975949], [-1.2906375420200458e-09, -7.74382525212038e-09, -0.0008358443999821729], [-6.453187710124507e-10, -7.098506481136859e-09, -0.0008358443999853034], [-7.098506481128761e-09, -1.935956313035093e-09, -0.0008358443999843444], [2.5812750840758407e-09, 3.871912626113751e-09, -0.0008358443999937355], [6.453187710111409e-09, -3.871912626066842e-09, -0.0008358443999836172], [6.567446145894291e-09, 2.0099829052251426e-09, -0.0008358443999859091], [7.098506481112313e-09, 3.2265938550510586e-09, -0.0008358443999824216], [3.226593855095675e-09, 3.226593855095675e-09, -0.0008358443999939842], [-5.223702570336142e-09, 4.795635754651708e-09, -0.0008358443999846611], [-3.871912626102616e-09, -3.871912626102616e-09, -0.0008358443999913339], [3.2265938550696606e-09, 5.807868939125436e-09, -0.0008358443999872265], [-1.1110425922383683e-08, 5.542338771261182e-09, -0.000835844399952889], [0.0, -1.2906375420468289e-09, -0.0008358443999995177], [6.45318771022861e-10, -1.9359563130685765e-09, -0.0008358443999987905], [3.5741969835460556e-09, -8.173501341431924e-09, -0.0008358443999738338], [5.807868939125436e-09, 3.2265938550696606e-09, -0.0008358443999872265], [6.453187710079867e-10, 8.389144023103731e-09, -0.0008358443999795215], [-6.934360559330549e-09, 4.345039106898827e-11, -0.0008358443999848745], [3.871912626066842e-09, 6.453187710111409e-09, -0.0008358443999836172], [-6.453187710161593e-10, 5.807868939145459e-09, -0.0008358443999901265], [-5.162550168130813e-09, 2.5812750840654066e-09, -0.0008358443999903569], [2.5812750840654066e-09, -5.162550168130813e-09, -0.0008358443999903569], [1.935956313046266e-09, 5.807868939138751e-09, -0.0008358443999891672], [-6.210187374896896e-09, 1.4917967599159746e-09, -0.0008358443999860021], [-1.935956313035093e-09, -7.098506481128761e-09, -0.0008358443999843444], [-1.2906375420438603e-09, -2.5812750840877206e-09, -0.0008358443999975949], [4.517231397081943e-09, -5.807868939105305e-09, -0.0008358443999843444], [7.743825252124785e-09, 0.0, -0.0008358443999826519], [-3.871912626113751e-09, 2.5812750840758407e-09, -0.0008358443999937355], [1.935956313035093e-09, -7.098506481128761e-09, -0.0008358443999843444], [4.517231397128749e-09, 1.935956313055203e-09, -0.0008358443999930086], [1.2906375420282462e-09, -6.453187710141234e-09, -0.0008358443999874748], [-1.935956313035093e-09, 7.098506481128761e-09, -0.0008358443999843444], [-1.174769832434236e-09, 1.5255915084289192e-08, -0.0008358443999316737], [5.162550168130813e-09, 2.5812750840654066e-09, 