{"phase_arr": [-0.2177477591764496, -0.20281537265374705, -0.21775165134103086, -0.2177514709925258, -0.2177514709925258, -0.21775213786773634, -0.0926024693136186, -0.21775201203816802, -0.21774793952127264, -0.21775028194265983, -0.2177501015955297, -0.21775019176908478, -0.21775174151529453, -0.21762526800064438, -0.2177504622898305, -0.21775201203816802, -0.21775156116677474, -0.21774741287752636, -0.21775213786773634, -0.21775174117920393, -0.21775019176788535, -0.15036319474027712, -0.21775183168957832, -0.21762526800064438, -0.2177504622898305, -0.21775019176908478, -0.21762526800064438, -0.21775247914233511, -0.2177501015955297, -0.21774793952127264, -0.21775213786773634, -0.21774793952127264, -0.21775028194265983, -0.21775229908992372, -0.2177504622898305, -0.21775208883503966, -0.21775204769325684, -0.21775204720079586, -0.21775192186386827, -0.2177514709925258, -0.01654602178861387, -0.21775156116677474, -0.2177477591764496, -0.1168564829509377, -0.2177477591764496, -0.21775201203816802, -0.21775201203816802, -0.2177477591764496, -0.21775156116677474, -0.2177514709925258, -0.21774950924064426, -0.21775192186386827, -0.2177514709925258, -0.11703103937168041, -0.21774743817823208, -0.21775037211623458, -0.21775192186386827, -0.21775201203816802, -0.21775183168957832, -0.21775201203816802, -0.21775201203757338, -0.21775019176908478, -0.21775213786773634, -0.21775192186386827, -0.21775019176908478, -0.21775156116677474, -0.2177501015955297, -0.2177523182167492, -0.21775028177531547, -0.21775037211623458, -0.21775141062626568, -0.21775156116677474, -0.21775183168957832, -0.21775204769325684, -0.21775213786773634, -0.21775213786773634, -0.2177504622898305, -0.21775249856582013, -0.21774793951776247, -0.21775240839128296, -0.2177501015955297, -0.21775183168957832, -0.2177501917630454, -0.21775165134103086, -0.21762526800064438, -0.21774793952127264, -0.21775249856582013, -0.21775213786773634, -0.21775213786773634, -0.2177514709925258, -0.2177514709925258, -0.2177523182167492, -0.21775028194265983, -0.21775249856582013, -0.21774784934886485, -0.21775025365570203, -0.2177477591764496, -0.21775147097876896, -0.21775156116677474, -0.2177519218605982], "pos": [[2.574837989115098e-09, -1.287418994557549e-09, -0.0008337599999975202], [1.0399126928520221e-09, -3.713560089787544e-09, -0.0008337599999951261], [1.2874189945603753e-09, 0.0, -0.0008337599999995547], [2.574837989115098e-09, 1.287418994557549e-09, -0.0008337599999975202], [2.574837989115098e-09, 1.287418994557549e-09, -0.0008337599999975202], [6.437094972804309e-10, 6.437094972804309e-10, -0.0008337599999996875], [-1.6689777990719357e-09, 9.058601900464792e-10, -0.0008337599999986291], [-2.574837989115098e-09, -1.287418994557549e-09, -0.0008337599999975202], [-2.574837989115098e-09, 1.287418994557549e-09, -0.0008337599999975202], [1.287418994559793e-09, -1.287418994559793e-09, -0.0008337599999990984], [0.0, 2.5748379891164223e-09, -0.0008337599999981403], [-6.437094972796391e-10, 1.9311284918391218e-09, -0.0008337599999987265], [-6.437094972804309e-10, 6.437094972804309e-10, -0.0008337599999996875], [0.0, 0.0, -0.0004168799999999961], [0.0, -2.5748379891164223e-09, -0.0008337599999981403], [-1.287418994557549e-09, -2.574837989115098e-09, -0.0008337599999975202], [1.9311284918391218e-09, 6.437094972796391e-10, -0.0008337599999987265], [-3.3236330618110363e-09, 2.0362140672572917e-09, -0.000833759999995166], [6.437094972804309e-10, 6.437094972804309e-10, -0.0008337599999996875], [-1.7072785141510644e-09, 7.28196368795949e-10, -0.0008337599999979207], [-9.67656301783041e-10, 2.255075296341058e-09, -0.0008337599999979263], [-4.869662346849739e-09, 2.3015833074805703e-09, -0.000833759999989815], [-1.2874189945603753e-09, 0.0, -0.0008337599999995547], [0.0, 0.0, -0.0004168799999999961], [-2.5748379891164223e-09, 0.0, -0.0008337599999981403], [1.9311284918391218e-09, -6.437094972796391e-10, -0.0008337599999987265], [0.0, 0.0, -0.0004168799999999961], [-2.555848558942166e-09, -1.7228884694656527e-09, -0.0008337599999969863], [2.5748379891164223e-09, 0.0, -0.0008337599999981403], [-2.574837989115098e-09, 1.287418994557549e-09, -0.0008337599999975202], [6.437094972804309e-10, 6.437094972804309e-10, -0.0008337599999996875], [1.287418994557549e-09, -2.574837989115098e-09, -0.0008337599999975202], [1.287418994559793e-09, -1.287418994559793e-09, -0.0008337599999990984], [-8.517885922759384e-10, -1.9472212293106108e-11, -0.0008337599999995474], [0.0, -2.5748379891164223e-09, -0.0008337599999981403], [2.0502147488380254e-10, 6.437094972804309e-10, -0.0008337599999996875], [1.287418994559793e-09, 1.287418994559793e-09, -0.0008337599999990984], [2.381725139958513e-10, 1.0972028381135395e-09, -0.0008337599999985858], [-6.437094972796391e-10, -1.9311284918391218e-09, -0.0008337599999987265], [1.287418994557549e-09, 2.574837989115098e-09, -0.0008337599999975202], [-5.923736648715932e-10, -1.9745788829053417e-10, -0.0004168799999996078], [1.9311284918391218e-09, 6.437094972796391e-10, -0.0008337599999987265], [2.574837989115098e-09, -1.287418994557549e-09, -0.0008337599999975202], [-2.7801813187353172e-09, 2.999364402559023e-09, -0.0008337599999947682], [2.574837989115098e-09, -1.287418994557549e-09, -0.0008337599999975202], [-1.287418994557549e-09, -2.574837989115098e-09, -0.0008337599999975202], [-1.287418994557549e-09, -2.574837989115098e-09, -0.0008337599999975202], [-1.287418994557549e-09, 2.574837989115098e-09, -0.0008337599999975202], [1.9311284918391218e-09, 6.437094972796391e-10, -0.0008337599999987265], [2.574837989115098e-09, 1.287418994557549e-09, -0.0008337599999975202], [1.5700074638636565e-09, 0.0, -0.0008337599999988173], [-6.437094972796391e-10, -1.9311284918391218e-09, -0.0008337599999987265], [1.287418994557549e-09, 2.574837989115098e-09, -0.0008337599999975202], [1.5069239331263611e-09, -3.42324710651939e-09, -0.0008337599999956315], [-3.321701933319235e-09, 2.034282938765481e-09, -0.0008337599999951721], [6.437094972796391e-10, -1.9311284918391218e-09, -0.0008337599999987265], [-1.9311284918391218e-09, -6.437094972796391e-10, -0.0008337599999987265], [-2.574837989115098e-09, -1.287418994557549e-09, -0.0008337599999975202], [0.0, -1.2874189945603753e-09, -0.0008337599999995547], [-2.574837989115098e-09, -1.287418994557549e-09, -0.0008337599999975202], [-1.4905093409491424e-09, -2.168657296332172e-09, -0.000833759999997657], [-6.437094972796391e-10, 1.9311284918391218e-09, -0.0008337599999987265], [6.437094972804309e-10, 6.437094972804309e-10, -0.0008337599999996875], [-6.437094972796391e-10, -1.9311284918391218e-09, -0.0008337599999987265], [-6.437094972796391e-10, 1.9311284918391218e-09, -0.0008337599999987265], [1.9311284918391218e-09, 6.437094972796391e-10, -0.0008337599999987265], [0.0, 2.5748379891164223e-09, -0.0008337599999981403], [-6.437094972804309e-10, -6.437094972804309e-10, -0.0008337599999996875], [-1.9111734974185e-09, 1.4422311286524954e-09, -0.0008337599999979435], [6.437094972796391e-10, -1.9311284918391218e-09, -0.0008337599999987265], [3.9974359781137116e-10, 3.0186756874850895e-09, -0.0008337599999967727], [1.9311284918391218e-09, 6.437094972796391e-10, -0.0008337599999987265], [-1.2874189945603753e-09, 0.0, -0.0008337599999995547], [1.2001963576783468e-09, 1.1129737207969006e-09, -0.0008337599999991278], [6.437094972804309e-10, 6.437094972804309e-10, -0.0008337599999996875], [6.437094972804309e-10, 6.437094972804309e-10, -0.0008337599999996875], [-2.5748379891164223e-09, 0.0, -0.0008337599999981403], [-1.9311284918367887e-09, -1.9311284918367887e-09, -0.000833759999997828], [-2.8107575198624746e-09, 1.7592580560576076e-09, -0.0008337599999964076], [-1.287418994559793e-09, -1.287418994559793e-09, -0.0008337599999990984], [0.0, 2.5748379891164223e-09, -0.0008337599999981403], [-1.2874189945603753e-09, 0.0, -0.0008337599999995547], [1.4386907264200453e-09, -6.437094972797973e-10, -0.0008337599999988924], [1.2874189945603753e-09, 0.0, -0.0008337599999995547], [0.0, 0.0, 