{"run_properties": [9.0, 9.0, 1.0, 2000.0, 3.0, 10.0, 100000.0, 500.0, 1.0, 10.0, 0.3, 100000.0, 200000000.0, 0.0, 1.0, 0.0], "results": [[-0.7016753093305902, -0.701795509979681, -0.7018814068438244, -0.7019329606754628, -0.7019501479058766, -0.7019329606754628, -0.7018814068438244, -0.701795509979681, -0.7016753093305902], [-0.701662709986289, -0.7017829123707027, -0.7018688104735429, -0.7019203650480734, -0.7019375525260624, -0.7019203650480734, -0.7018688104735429, -0.7017829123707027, -0.701662709986289], [-0.7016692705809933, -0.7017894740779389, -0.7018753729744371, -0.7019269280247541, -0.7019441156612726, -0.7019269280247541, -0.7018753729744371, -0.7017894740779389, -0.7016692705809933], [-0.7016835112479629, -0.7018037067874064, -0.701889599997164, -0.7019411516343149, -0.7019583381329243, -0.7019411516343149, -0.701889599997164, -0.7018037067874064, -0.7016835112479629], [-0.7016009214744588, -0.7017211092730343, -0.7018069969517206, -0.7018585452694748, -0.7018757306614934, -0.7018585452694748, -0.7018069969517206, -0.7017211092730343, -0.7016009214744588], [-0.7016959701580179, -0.7018161671657114, -0.7019020614238338, -0.7019536136898487, -0.7019708003980538, -0.7019536136898487, -0.7019020614238338, -0.7018161671657114, -0.7016959701580179], [-0.7016537692060919, -0.7017739703177464, -0.701859867509016, -0.7019114215356158, -0.7019286088308004, -0.7019114215356158, -0.701859867509016, -0.7017739703177464, -0.7016537692060919], [-0.7016633889481853, -0.7017835865011429, -0.7018694811503614, -0.7019210336516817, -0.7019382204384295, -0.7019210336516817, -0.7018694811503614, -0.7017835865011429, -0.7016633889481853], [-0.7016551322127405, -0.7017753277419804, -0.7018612209457478, -0.7019127725798238, -0.7019299590774938, -0.7019127725798238, -0.7018612209457478, -0.7017753277419804, -0.7016551322127405]]}