{"phase_arr": [[-0.2817581774022451, -0.2817581774022451, -0.2817581774022451, -0.2817581774022451, -0.2817581774022451, -0.2817581774022451, -0.2817581774022451, -0.2817581774022451, -0.2817581774022451, -0.2817581774022451, -0.2817581774022451, -0.2817581774022451, -0.2817581774022451, -0.2817581774022451, -0.2817581774022451, -0.2817581774022451, -0.2817581774022451, -0.2817581774022451, -0.2817581774022451, -0.2817581774022451, -0.2817581774022451, -0.2817581774022451, -0.2817581774022451, -0.2817581774022451, -0.2817581774022451, -0.2817581774022451, -0.2817581774022451, -0.2817581774022451, -0.2817581774022451, -0.2817581774022451, -0.2817581774022451, -0.2817581774022451, -0.2817581774022451, -0.2817581774022451, -0.2817581774022451, -0.2817581774022451, -0.2817581774022451, -0.2817581774022451, -0.2817581774022451, -0.2817581774022451, -0.2817581774022451, -0.2817581774022451, -0.2817581774022451, -0.2817581774022451, -0.2817581774022451, -0.2817581774022451, -0.2817581774022451, -0.2817581774022451, -0.2817581774022451, -0.2817581774022451, -0.2817581774022451, -0.2817581774022451, -0.2817581774022451, -0.2817581774022451, -0.2817581774022451, -0.2817581774022451, -0.2817581774022451, -0.2817581774022451, -0.2817581774022451, -0.2817581774022451, -0.2817581774022451, -0.2817581774022451, -0.2817581774022451, -0.2817581774022451, -0.2817581774022451, -0.2817581774022451, -0.2817581774022451, -0.2817581774022451, -0.2817581774022451, -0.2817581774022451, -0.2817581774022451, -0.2817581774022451, -0.2817581774022451, -0.2817581774022451, -0.2817581774022451, -0.2817581774022451, -0.2817581774022451, -0.2817581774022451, -0.2817581774022451, -0.2817581774022451, -0.2817581774022451, -0.2817581774022451, -0.2817581774022451, -0.2817581774022451, -0.2817581774022451, -0.2817581774022451, -0.2817581774022451, -0.2817581774022451, -0.2817581774022451, -0.2817581774022451, -0.2817581774022451, -0.2817581774022451, -0.2817581774022451, -0.2817581774022451, -0.2817581774022451, -0.2817581774022451, -0.2817581774022451, -0.2817581774022451, -0.2817581774022451, -0.2817581774022451]], "pos": [[0.0, 0.0, -0.00041688208439637415], [0.0, 0.0, -0.00041688208439637415], [0.0, 0.0, -0.00041688208439637415], [0.0, 0.0, -0.00041688208439637415], [0.0, 0.0, -0.00041688208439637415], [0.0, 0.0, -0.00041688208439637415], [0.0, 0.0, -0.00041688208439637415], [0.0, 0.0, -0.00041688208439637415], [0.0, 0.0, -0.00041688208439637415], [0.0, 0.0, -0.00041688208439637415], [0.0, 0.0, -0.00041688208439637415], [0.0, 0.0, -0.00041688208439637415], [0.0, 0.0, -0.00041688208439637415], [0.0, 0.0, -0.00041688208439637415], [0.0, 0.0, -0.00041688208439637415], [0.0, 0.0, -0.00041688208439637415], [0.0, 0.0, -0.00041688208439637415], [0.0, 0.0, -0.00041688208439637415], [0.0, 0.0, -0.00041688208439637415], [0.0, 0.0, -0.00041688208439637415], [0.0, 0.0, -0.00041688208439637415], [0.0, 0.0, -0.00041688208439637415], [0.0, 0.0, -0.00041688208439637415], [0.0, 0.0, -0.00041688208439637415], [0.0, 0.0, -0.00041688208439637415], [0.0, 0.0, -0.00041688208439637415], [0.0, 0.0, -0.00041688208439637415], [0.0, 0.0, -0.00041688208439637415], [0.0, 0.0, -0.00041688208439637415], [0.0, 0.0, -0.00041688208439637415], [0.0, 0.0, -0.00041688208439637415], [0.0, 0.0, -0.00041688208439637415], [0.0, 0.0, -0.00041688208439637415], [0.0, 0.0, -0.00041688208439637415], [0.0, 0.0, -0.00041688208439637415], [0.0, 0.0, -0.00041688208439637415], [0.0, 0.0, -0.00041688208439637415], [0.0, 0.0, -0.00041688208439637415], [0.0, 0.0, -0.00041688208439637415], [0.0, 0.0, -0.00041688208439637415], [0.0, 0.0, -0.00041688208439637415], [0.0, 0.0, -0.00041688208439637415], [0.0, 0.0, -0.00041688208439637415], [0.0, 0.0, -0.00041688208439637415], [0.0, 0.0, -0.00041688208439637415], [0.0, 0.0, -0.00041688208439637415], [0.0, 0.0, -0.00041688208439637415], [0.0, 0.0, -0.00041688208439637415], [0.0, 0.0, -0.00041688208439637415], [0.0, 0.0, -0.00041688208439637415], [0.0, 0.0, -0.00041688208439637415], [0.0, 0.0, -0.00041688208439637415], [0.0, 0.0, -0.00041688208439637415], [0.0, 0.0, -0.00041688208439637415], [0.0, 0.0, -0.00041688208439637415], [0.0, 0.0, -0.00041688208439637415], [0.0, 0.0, -0.00041688208439637415], [0.0, 0.0, -0.00041688208439637415], [0.0, 0.0, -0.00041688208439637415], [0.0, 0.0, -0.00041688208439637415], [0.0, 0.0, -0.00041688208439637415], [0.0, 0.0, -0.00041688208439637415], [0.0, 0.0, -0.00041688208439637415], [0.0, 0.0, -0.00041688208439637415], [0.0, 0.0, -0.00041688208439637415], [0.0, 0.0, -0.00041688208439637415], [0.0, 0.0, -0.00041688208439637415], [0.0, 0.0, -0.00041688208439637415], [0.0, 0.0, -0.00041688208439637415], [0.0, 0.0, -0.00041688208439637415], [0.0, 0.0, -0.00041688208439637415], [0.0, 0.0, -0.00041688208439637415], [0.0, 0.0, -0.00041688208439637415], [0.0, 0.0, -0.00041688208439637415], [0.0, 0.0, -0.00041688208439637415], [0.0, 0.0, -0.00041688208439637415], [0.0, 0.0, -0.00041688208439637415], [0.0, 0.0, -0.00041688208439637415], [0.0, 0.0, -0.00041688208439637415], [0.0, 0.0, -0.00041688208439637415], [0.0, 0.0, -0.00041688208439637415], [0.0, 0.0, -0.00041688208439637415], [0.0, 0.0, -0.00041688208439637415], [0.0, 0.0, -0.00041688208439637415], [0.0, 0.0, -0.00041688208439637415], [0.0, 0.0, -0.00041688208439637415], [0.0, 0.0, -0.00041688208439637415], [0.0, 0.0, -0.00041688208439637415], [0.0, 0.0, -0.00041688208439637415], [0.0, 0.0, -0.00041688208439637415], [0.0, 0.0, -0.00041688208439637415], [0.0, 0.0, -0.00041688208439637415], [0.0, 0.0, -0.00041688208439637415], [0.0, 0.0, -0.00041688208439637415], [0.0, 0.0, -0.00041688208439637415], [0.0, 0.0, -0.00041688208439637415], [0.0, 0.0, -0.00041688208439637415], [0.0, 0.0, -0.00041688208439637415], [0.0, 0.0, -0.00041688208439637415], [0.0, 0.0, -0.00041688208439637415]],