{"phase_arr": [[-0.28173362270908614, -0.28173362270908614, -0.28173362270908614, -0.28173362270908614, -0.28173362270908614, -0.28173362270908614, -0.28173362270908614, -0.28173362270908614, -0.28173362270908614, -0.28173362270908614, -0.28173362270908614, -0.28173362270908614, -0.28173362270908614, -0.28173362270908614, -0.28173362270908614, -0.28173362270908614, -0.28173362270908614, -0.28173362270908614, -0.28173362270908614, -0.28173362270908614, -0.28173362270908614, -0.28173362270908614, -0.28173362270908614, -0.28173362270908614, -0.28173362270908614, -0.28173362270908614, -0.28173362270908614, -0.28173362270908614, -0.28173362270908614, -0.28173362270908614, -0.28173362270908614, -0.28173362270908614, -0.28173362270908614, -0.28173362270908614, -0.28173362270908614, -0.28173362270908614, -0.28173362270908614, -0.28173362270908614, -0.28173362270908614, -0.28173362270908614, -0.28173362270908614, -0.28173362270908614, -0.28173362270908614, -0.28173362270908614, -0.28173362270908614, -0.28173362270908614, -0.28173362270908614, -0.28173362270908614, -0.28173362270908614, -0.28173362270908614, -0.28173362270908614, -0.28173362270908614, -0.28173362270908614, -0.28173362270908614, -0.28173362270908614, -0.28173362270908614, -0.28173362270908614, -0.28173362270908614, -0.28173362270908614, -0.28173362270908614, -0.28173362270908614, -0.28173362270908614, -0.28173362270908614, -0.28173362270908614, -0.28173362270908614, -0.28173362270908614, -0.28173362270908614, -0.28173362270908614, -0.28173362270908614, -0.28173362270908614, -0.28173362270908614, -0.28173362270908614, -0.28173362270908614, -0.28173362270908614, -0.28173362270908614, -0.28173362270908614, -0.28173362270908614, -0.28173362270908614, -0.28173362270908614, -0.28173362270908614, -0.28173362270908614, -0.28173362270908614, -0.28173362270908614, -0.28173362270908614, -0.28173362270908614, -0.28173362270908614, -0.28173362270908614, -0.28173362270908614, -0.28173362270908614, -0.28173362270908614, -0.28173362270908614, -0.28173362270908614, -0.28173362270908614, -0.28173362270908614, -0.28173362270908614, -0.28173362270908614, -0.28173362270908614, -0.28173362270908614, -0.28173362270908614, -0.28173362270908614]], "pos": [[0.0, 0.0, -0.0004169008439997261], [0.0, 0.0, -0.0004169008439997261], [0.0, 0.0, -0.0004169008439997261], [0.0, 0.0, -0.0004169008439997261], [0.0, 0.0, -0.0004169008439997261], [0.0, 0.0, -0.0004169008439997261], [0.0, 0.0, -0.0004169008439997261], [0.0, 0.0, -0.0004169008439997261], [0.0, 0.0, -0.0004169008439997261], [0.0, 0.0, -0.0004169008439997261], [0.0, 0.0, -0.0004169008439997261], [0.0, 0.0, -0.0004169008439997261], [0.0, 0.0, -0.0004169008439997261], [0.0, 0.0, -0.0004169008439997261], [0.0, 0.0, -0.0004169008439997261], [0.0, 0.0, -0.0004169008439997261], [0.0, 0.0, -0.0004169008439997261], [0.0, 0.0, -0.0004169008439997261], [0.0, 0.0, -0.0004169008439997261], [0.0, 0.0, -0.0004169008439997261], [0.0, 0.0, -0.0004169008439997261], [0.0, 0.0, -0.0004169008439997261], [0.0, 0.0, -0.0004169008439997261], [0.0, 0.0, -0.0004169008439997261], [0.0, 0.0, -0.0004169008439997261], [0.0, 0.0, -0.0004169008439997261], [0.0, 0.0, -0.0004169008439997261], [0.0, 0.0, -0.0004169008439997261], [0.0, 0.0, -0.0004169008439997261], [0.0, 0.0, -0.0004169008439997261], [0.0, 0.0, -0.0004169008439997261], [0.0, 0.0, -0.0004169008439997261], [0.0, 0.0, -0.0004169008439997261], [0.0, 0.0, -0.0004169008439997261], [0.0, 0.0, -0.0004169008439997261], [0.0, 0.0, -0.0004169008439997261], [0.0, 0.0, -0.0004169008439997261], [0.0, 0.0, -0.0004169008439997261], [0.0, 0.0, -0.0004169008439997261], [0.0, 0.0, -0.0004169008439997261], [0.0, 0.0, -0.0004169008439997261], [0.0, 0.0, -0.0004169008439997261], [0.0, 0.0, -0.0004169008439997261], [0.0, 0.0, -0.0004169008439997261], [0.0, 0.0, -0.0004169008439997261], [0.0, 0.0, -0.0004169008439997261], [0.0, 0.0, -0.0004169008439997261], [0.0, 0.0, -0.0004169008439997261], [0.0, 0.0, -0.0004169008439997261], [0.0, 0.0, -0.0004169008439997261], [0.0, 0.0, -0.0004169008439997261], [0.0, 0.0, -0.0004169008439997261], [0.0, 0.0, -0.0004169008439997261], [0.0, 0.0, -0.0004169008439997261], [0.0, 0.0, -0.0004169008439997261], [0.0, 0.0, -0.0004169008439997261], [0.0, 0.0, -0.0004169008439997261], [0.0, 0.0, -0.0004169008439997261], [0.0, 0.0, -0.0004169008439997261], [0.0, 0.0, -0.0004169008439997261], [0.0, 0.0, -0.0004169008439997261], [0.0, 0.0, -0.0004169008439997261], [0.0, 0.0, -0.0004169008439997261], [0.0, 0.0, -0.0004169008439997261], [0.0, 0.0, -0.0004169008439997261], [0.0, 0.0, -0.0004169008439997261], [0.0, 0.0, -0.0004169008439997261], [0.0, 0.0, -0.0004169008439997261], [0.0, 0.0, -0.0004169008439997261], [0.0, 0.0, -0.0004169008439997261], [0.0, 0.0, -0.0004169008439997261], [0.0, 0.0, -0.0004169008439997261], [0.0, 0.0, -0.0004169008439997261], [0.0, 0.0, -0.0004169008439997261], [0.0, 0.0, -0.0004169008439997261], [0.0, 0.0, -0.0004169008439997261], [0.0, 0.0, -0.0004169008439997261], [0.0, 0.0, -0.0004169008439997261], [0.0, 0.0, -0.0004169008439997261], [0.0, 0.0, -0.0004169008439997261], [0.0, 0.0, -0.0004169008439997261], [0.0, 0.0, -0.0004169008439997261], [0.0, 0.0, -0.0004169008439997261], [0.0, 0.0, -0.0004169008439997261], [0.0, 0.0, -0.0004169008439997261], [0.0, 0.0, -0.0004169008439997261], [0.0, 0.0, -0.0004169008439997261], [0.0, 0.0, -0.0004169008439997261], [0.0, 0.0, -0.0004169008439997261], [0.0, 0.0, -0.0004169008439997261], [0.0, 0.0, -0.0004169008439997261], [0.0, 0.0, -0.0004169008439997261], [0.0, 0.0, -0.0004169008439997261], [0.0, 0.0, -0.0004169008439997261], [0.0, 0.0, -0.0004169008439997261], [0.0, 0.0, -0.0004169008439997261], [0.0, 0.0, -0.0004169008439997261], [0.0, 0.0, -0.0004169008439997261], [0.0, 0.0, -0.0004169008439997261], [0.0, 0.0, -0.0004169008439997261]],