{"phase_arr": [[-0.28225374834348566, -0.28225374834348566, -0.28225374834348566, -0.28225374834348566, -0.28225374834348566, -0.28225374834348566, -0.28225374834348566, -0.28225374834348566, -0.28225374834348566, -0.28225374834348566, -0.28225374834348566, -0.28225374834348566, -0.28225374834348566, -0.28225374834348566, -0.28225374834348566, -0.28225374834348566, -0.28225374834348566, -0.28225374834348566, -0.28225374834348566, -0.28225374834348566, -0.28225374834348566, -0.28225374834348566, -0.28225374834348566, -0.28225374834348566, -0.28225374834348566, -0.28225374834348566, -0.28225374834348566, -0.28225374834348566, -0.28225374834348566, -0.28225374834348566, -0.28225374834348566, -0.28225374834348566, -0.28225374834348566, -0.28225374834348566, -0.28225374834348566, -0.28225374834348566, -0.28225374834348566, -0.28225374834348566, -0.28225374834348566, -0.28225374834348566, -0.28225374834348566, -0.28225374834348566, -0.28225374834348566, -0.28225374834348566, -0.28225374834348566, -0.28225374834348566, -0.28225374834348566, -0.28225374834348566, -0.28225374834348566, -0.28225374834348566, -0.28225374834348566, -0.28225374834348566, -0.28225374834348566, -0.28225374834348566, -0.28225374834348566, -0.28225374834348566, -0.28225374834348566, -0.28225374834348566, -0.28225374834348566, -0.28225374834348566, -0.28225374834348566, -0.28225374834348566, -0.28225374834348566, -0.28225374834348566, -0.28225374834348566, -0.28225374834348566, -0.28225374834348566, -0.28225374834348566, -0.28225374834348566, -0.28225374834348566, -0.28225374834348566, -0.28225374834348566, -0.28225374834348566, -0.28225374834348566, -0.28225374834348566, -0.28225374834348566, -0.28225374834348566, -0.28225374834348566, -0.28225374834348566, -0.28225374834348566, -0.28225374834348566, -0.28225374834348566, -0.28225374834348566, -0.28225374834348566, -0.28225374834348566, -0.28225374834348566, -0.28225374834348566, -0.28225374834348566, -0.28225374834348566, -0.28225374834348566, -0.28225374834348566, -0.28225374834348566, -0.28225374834348566, -0.28225374834348566, -0.28225374834348566, -0.28225374834348566, -0.28225374834348566, -0.28225374834348566, -0.28225374834348566, -0.28225374834348566]], "pos": [[0.0, 0.0, -0.0004189643999999974], [0.0, 0.0, -0.0004189643999999974], [0.0, 0.0, -0.0004189643999999974], [0.0, 0.0, -0.0004189643999999974], [0.0, 0.0, -0.0004189643999999974], [0.0, 0.0, -0.0004189643999999974], [0.0, 0.0, -0.0004189643999999974], [0.0, 0.0, -0.0004189643999999974], [0.0, 0.0, -0.0004189643999999974], [0.0, 0.0, -0.0004189643999999974], [0.0, 0.0, -0.0004189643999999974], [0.0, 0.0, -0.0004189643999999974], [0.0, 0.0, -0.0004189643999999974], [0.0, 0.0, -0.0004189643999999974], [0.0, 0.0, -0.0004189643999999974], [0.0, 0.0, -0.0004189643999999974], [0.0, 0.0, -0.0004189643999999974], [0.0, 0.0, -0.0004189643999999974], [0.0, 0.0, -0.0004189643999999974], [0.0, 0.0, -0.0004189643999999974], [0.0, 0.0, -0.0004189643999999974], [0.0, 0.0, -0.0004189643999999974], [0.0, 0.0, -0.0004189643999999974], [0.0, 0.0, -0.0004189643999999974], [0.0, 0.0, -0.0004189643999999974], [0.0, 0.0, -0.0004189643999999974], [0.0, 0.0, -0.0004189643999999974], [0.0, 0.0, -0.0004189643999999974], [0.0, 0.0, -0.0004189643999999974], [0.0, 0.0, -0.0004189643999999974], [0.0, 0.0, -0.0004189643999999974], [0.0, 0.0, -0.0004189643999999974], [0.0, 0.0, -0.0004189643999999974], [0.0, 0.0, -0.0004189643999999974], [0.0, 0.0, -0.0004189643999999974], [0.0, 0.0, -0.0004189643999999974], [0.0, 0.0, -0.0004189643999999974], [0.0, 0.0, -0.0004189643999999974], [0.0, 0.0, -0.0004189643999999974], [0.0, 0.0, -0.0004189643999999974], [0.0, 0.0, -0.0004189643999999974], [0.0, 0.0, -0.0004189643999999974], [0.0, 0.0, -0.0004189643999999974], [0.0, 0.0, -0.0004189643999999974], [0.0, 0.0, -0.0004189643999999974], [0.0, 0.0, -0.0004189643999999974], [0.0, 0.0, -0.0004189643999999974], [0.0, 0.0, -0.0004189643999999974], [0.0, 0.0, -0.0004189643999999974], [0.0, 0.0, -0.0004189643999999974], [0.0, 0.0, -0.0004189643999999974], [0.0, 0.0, -0.0004189643999999974], [0.0, 0.0, -0.0004189643999999974], [0.0, 0.0, -0.0004189643999999974], [0.0, 0.0, -0.0004189643999999974], [0.0, 0.0, -0.0004189643999999974], [0.0, 0.0, -0.0004189643999999974], [0.0, 0.0, -0.0004189643999999974], [0.0, 0.0, -0.0004189643999999974], [0.0, 0.0, -0.0004189643999999974], [0.0, 0.0, -0.0004189643999999974], [0.0, 0.0, -0.0004189643999999974], [0.0, 0.0, -0.0004189643999999974], [0.0, 0.0, -0.0004189643999999974], [0.0, 0.0, -0.0004189643999999974], [0.0, 0.0, -0.0004189643999999974], [0.0, 0.0, -0.0004189643999999974], [0.0, 0.0, -0.0004189643999999974], [0.0, 0.0, -0.0004189643999999974], [0.0, 0.0, -0.0004189643999999974], [0.0, 0.0, -0.0004189643999999974], [0.0, 0.0, -0.0004189643999999974], [0.0, 0.0, -0.0004189643999999974], [0.0, 0.0, -0.0004189643999999974], [0.0, 0.0, -0.0004189643999999974], [0.0, 0.0, -0.0004189643999999974], [0.0, 0.0, -0.0004189643999999974], [0.0, 0.0, -0.0004189643999999974], [0.0, 0.0, -0.0004189643999999974], [0.0, 0.0, -0.0004189643999999974], [0.0, 0.0, -0.0004189643999999974], [0.0, 0.0, -0.0004189643999999974], [0.0, 0.0, -0.0004189643999999974], [0.0, 0.0, -0.0004189643999999974], [0.0, 0.0, -0.0004189643999999974], [0.0, 0.0, -0.0004189643999999974], [0.0, 0.0, -0.0004189643999999974], [0.0, 0.0, -0.0004189643999999974], [0.0, 0.0, -0.0004189643999999974], [0.0, 0.0, -0.0004189643999999974], [0.0, 0.0, -0.0004189643999999974], [0.0, 0.0, -0.0004189643999999974], [0.0, 0.0, -0.0004189643999999974], [0.0, 0.0, -0.0004189643999999974], [0.0, 0.0, -0.0004189643999999974], [0.0, 0.0, -0.0004189643999999974], [0.0, 0.0, -0.0004189643999999974], [0.0, 0.0, -0.0004189643999999974], [0.0, 0.0, -0.0004189643999999974], [0.0, 0.0, -0.0004189643999999974]],