{"phase_arr": [[-0.2814791026654934, -0.2814791026654934, -0.2814791026654934, -0.2814791026654934, -0.2814791026654934, -0.2814791026654934, -0.2814791026654934, -0.2814791026654934, -0.2814791026654934, -0.2814791026654934, -0.2814791026654934, -0.2814791026654934, -0.2814791026654934, -0.2814791026654934, -0.2814791026654934, -0.2814791026654934, -0.2814791026654934, -0.2814791026654934, -0.2814791026654934, -0.2814791026654934, -0.2814791026654934, -0.2814791026654934, -0.2814791026654934, -0.2814791026654934, -0.2814791026654934, -0.2814791026654934, -0.2814791026654934, -0.2814791026654934, -0.2814791026654934, -0.2814791026654934, -0.2814791026654934, -0.2814791026654934, -0.2814791026654934, -0.2814791026654934, -0.2814791026654934, -0.2814791026654934, -0.2814791026654934, -0.2814791026654934, -0.2814791026654934, -0.2814791026654934, -0.2814791026654934, -0.2814791026654934, -0.2814791026654934, -0.2814791026654934, -0.2814791026654934, -0.2814791026654934, -0.2814791026654934, -0.2814791026654934, -0.2814791026654934, -0.2814791026654934, -0.2814791026654934, -0.2814791026654934, -0.2814791026654934, -0.2814791026654934, -0.2814791026654934, -0.2814791026654934, -0.2814791026654934, -0.2814791026654934, -0.2814791026654934, -0.2814791026654934, -0.2814791026654934, -0.2814791026654934, -0.2814791026654934, -0.2814791026654934, -0.2814791026654934, -0.2814791026654934, -0.2814791026654934, -0.2814791026654934, -0.2814791026654934, -0.2814791026654934, -0.2814791026654934, -0.2814791026654934, -0.2814791026654934, -0.2814791026654934, -0.2814791026654934, -0.2814791026654934, -0.2814791026654934, -0.2814791026654934, -0.2814791026654934, -0.2814791026654934, -0.2814791026654934, -0.2814791026654934, -0.2814791026654934, -0.2814791026654934, -0.2814791026654934, -0.2814791026654934, -0.2814791026654934, -0.2814791026654934, -0.2814791026654934, -0.2814791026654934, -0.2814791026654934, -0.2814791026654934, -0.2814791026654934, -0.2814791026654934, -0.2814791026654934, -0.2814791026654934, -0.2814791026654934, -0.2814791026654934, -0.2814791026654934, -0.2814791026654934]], "pos": [[0.0, 0.0, -0.0004168799999999961], [0.0, 0.0, -0.0004168799999999961], [0.0, 0.0, -0.0004168799999999961], [0.0, 0.0, -0.0004168799999999961], [0.0, 0.0, -0.0004168799999999961], [0.0, 0.0, -0.0004168799999999961], [0.0, 0.0, -0.0004168799999999961], [0.0, 0.0, -0.0004168799999999961], [0.0, 0.0, -0.0004168799999999961], [0.0, 0.0, -0.0004168799999999961], [0.0, 0.0, -0.0004168799999999961], [0.0, 0.0, -0.0004168799999999961], [0.0, 0.0, -0.0004168799999999961], [0.0, 0.0, -0.0004168799999999961], [0.0, 0.0, -0.0004168799999999961], [0.0, 0.0, -0.0004168799999999961], [0.0, 0.0, -0.0004168799999999961], [0.0, 0.0, -0.0004168799999999961], [0.0, 0.0, -0.0004168799999999961], [0.0, 0.0, -0.0004168799999999961], [0.0, 0.0, -0.0004168799999999961], [0.0, 0.0, -0.0004168799999999961], [0.0, 0.0, -0.0004168799999999961], [0.0, 0.0, -0.0004168799999999961], [0.0, 0.0, -0.0004168799999999961], [0.0, 0.0, -0.0004168799999999961], [0.0, 0.0, -0.0004168799999999961], [0.0, 0.0, -0.0004168799999999961], [0.0, 0.0, -0.0004168799999999961], [0.0, 0.0, -0.0004168799999999961], [0.0, 0.0, -0.0004168799999999961], [0.0, 0.0, -0.0004168799999999961], [0.0, 0.0, -0.0004168799999999961], [0.0, 0.0, -0.0004168799999999961], [0.0, 0.0, -0.0004168799999999961], [0.0, 0.0, -0.0004168799999999961], [0.0, 0.0, -0.0004168799999999961], [0.0, 0.0, -0.0004168799999999961], [0.0, 0.0, -0.0004168799999999961], [0.0, 0.0, -0.0004168799999999961], [0.0, 0.0, -0.0004168799999999961], [0.0, 0.0, -0.0004168799999999961], [0.0, 0.0, -0.0004168799999999961], [0.0, 0.0, -0.0004168799999999961], [0.0, 0.0, -0.0004168799999999961], [0.0, 0.0, -0.0004168799999999961], [0.0, 0.0, -0.0004168799999999961], [0.0, 0.0, -0.0004168799999999961], [0.0, 0.0, -0.0004168799999999961], [0.0, 0.0, -0.0004168799999999961], [0.0, 0.0, -0.0004168799999999961], [0.0, 0.0, -0.0004168799999999961], [0.0, 0.0, -0.0004168799999999961], [0.0, 0.0, -0.0004168799999999961], [0.0, 0.0, -0.0004168799999999961], [0.0, 0.0, -0.0004168799999999961], [0.0, 0.0, -0.0004168799999999961], [0.0, 0.0, -0.0004168799999999961], [0.0, 0.0, -0.0004168799999999961], [0.0, 0.0, -0.0004168799999999961], [0.0, 0.0, -0.0004168799999999961], [0.0, 0.0, -0.0004168799999999961], [0.0, 0.0, -0.0004168799999999961], [0.0, 0.0, -0.0004168799999999961], [0.0, 0.0, -0.0004168799999999961], [0.0, 0.0, -0.0004168799999999961], [0.0, 0.0, -0.0004168799999999961], [0.0, 0.0, -0.0004168799999999961], [0.0, 0.0, -0.0004168799999999961], [0.0, 0.0, -0.0004168799999999961], [0.0, 0.0, -0.0004168799999999961], [0.0, 0.0, -0.0004168799999999961], [0.0, 0.0, -0.0004168799999999961], [0.0, 0.0, -0.0004168799999999961], [0.0, 0.0, -0.0004168799999999961], [0.0, 0.0, -0.0004168799999999961], [0.0, 0.0, -0.0004168799999999961], [0.0, 0.0, -0.0004168799999999961], [0.0, 0.0, -0.0004168799999999961], [0.0, 0.0, -0.0004168799999999961], [0.0, 0.0, -0.0004168799999999961], [0.0, 0.0, -0.0004168799999999961], [0.0, 0.0, -0.0004168799999999961], [0.0, 0.0, -0.0004168799999999961], [0.0, 0.0, -0.0004168799999999961], [0.0, 0.0, -0.0004168799999999961], [0.0, 0.0, -0.0004168799999999961], [0.0, 0.0, -0.0004168799999999961], [0.0, 0.0, -0.0004168799999999961], [0.0, 0.0, -0.0004168799999999961], [0.0, 0.0, -0.0004168799999999961], [0.0, 0.0, -0.0004168799999999961], [0.0, 0.0, -0.0004168799999999961], [0.0, 0.0, -0.0004168799999999961], [0.0, 0.0, -0.0004168799999999961], [0.0, 0.0, -0.0004168799999999961], [0.0, 0.0, -0.0004168799999999961], [0.0, 0.0, -0.0004168799999999961], [0.0, 0.0, -0.0004168799999999961], [0.0, 0.0, -0.0004168799999999961]],