{"phase_arr": [[-0.28693125509555584, -0.28693125509555584, -0.28693125509555584, -0.28693125509555584, -0.28693125509555584, -0.28693125509555584, -0.28693125509555584, -0.28693125509555584, -0.28693125509555584, -0.28693125509555584, -0.28693125509555584, -0.28693125509555584, -0.28693125509555584, -0.28693125509555584, -0.28693125509555584, -0.28693125509555584, -0.28693125509555584, -0.28693125509555584, -0.28693125509555584, -0.28693125509555584, -0.28693125509555584, -0.28693125509555584, -0.28693125509555584, -0.28693125509555584, -0.28693125509555584, -0.28693125509555584, -0.28693125509555584, -0.28693125509555584, -0.28693125509555584, -0.28693125509555584, -0.28693125509555584, -0.28693125509555584, -0.28693125509555584, -0.28693125509555584, -0.28693125509555584, -0.28693125509555584, -0.28693125509555584, -0.28693125509555584, -0.28693125509555584, -0.28693125509555584, -0.28693125509555584, -0.28693125509555584, -0.28693125509555584, -0.28693125509555584, -0.28693125509555584, -0.28693125509555584, -0.28693125509555584, -0.28693125509555584, -0.28693125509555584, -0.28693125509555584, -0.28693125509555584, -0.28693125509555584, -0.28693125509555584, -0.28693125509555584, -0.28693125509555584, -0.28693125509555584, -0.28693125509555584, -0.28693125509555584, -0.28693125509555584, -0.28693125509555584, -0.28693125509555584, -0.28693125509555584, -0.28693125509555584, -0.28693125509555584, -0.28693125509555584, -0.28693125509555584, -0.28693125509555584, -0.28693125509555584, -0.28693125509555584, -0.28693125509555584, -0.28693125509555584, -0.28693125509555584, -0.28693125509555584, -0.28693125509555584, -0.28693125509555584, -0.28693125509555584, -0.28693125509555584, -0.28693125509555584, -0.28693125509555584, -0.28693125509555584, -0.28693125509555584, -0.28693125509555584, -0.28693125509555584, -0.28693125509555584, -0.28693125509555584, -0.28693125509555584, -0.28693125509555584, -0.28693125509555584, -0.28693125509555584, -0.28693125509555584, -0.28693125509555584, -0.28693125509555584, -0.28693125509555584, -0.28693125509555584, -0.28693125509555584, -0.28693125509555584, -0.28693125509555584, -0.28693125509555584, -0.28693125509555584, -0.28693125509555584]], "pos": [[0.0, 0.0, -0.0004377240000000002], [0.0, 0.0, -0.0004377240000000002], [0.0, 0.0, -0.0004377240000000002], [0.0, 0.0, -0.0004377240000000002], [0.0, 0.0, -0.0004377240000000002], [0.0, 0.0, -0.0004377240000000002], [0.0, 0.0, -0.0004377240000000002], [0.0, 0.0, -0.0004377240000000002], [0.0, 0.0, -0.0004377240000000002], [0.0, 0.0, -0.0004377240000000002], [0.0, 0.0, -0.0004377240000000002], [0.0, 0.0, -0.0004377240000000002], [0.0, 0.0, -0.0004377240000000002], [0.0, 0.0, -0.0004377240000000002], [0.0, 0.0, -0.0004377240000000002], [0.0, 0.0, -0.0004377240000000002], [0.0, 0.0, -0.0004377240000000002], [0.0, 0.0, -0.0004377240000000002], [0.0, 0.0, -0.0004377240000000002], [0.0, 0.0, -0.0004377240000000002], [0.0, 0.0, -0.0004377240000000002], [0.0, 0.0, -0.0004377240000000002], [0.0, 0.0, -0.0004377240000000002], [0.0, 0.0, -0.0004377240000000002], [0.0, 0.0, -0.0004377240000000002], [0.0, 0.0, -0.0004377240000000002], [0.0, 0.0, -0.0004377240000000002], [0.0, 0.0, -0.0004377240000000002], [0.0, 0.0, -0.0004377240000000002], [0.0, 0.0, -0.0004377240000000002], [0.0, 0.0, -0.0004377240000000002], [0.0, 0.0, -0.0004377240000000002], [0.0, 0.0, -0.0004377240000000002], [0.0, 0.0, -0.0004377240000000002], [0.0, 0.0, -0.0004377240000000002], [0.0, 0.0, -0.0004377240000000002], [0.0, 0.0, -0.0004377240000000002], [0.0, 0.0, -0.0004377240000000002], [0.0, 0.0, -0.0004377240000000002], [0.0, 0.0, -0.0004377240000000002], [0.0, 0.0, -0.0004377240000000002], [0.0, 0.0, -0.0004377240000000002], [0.0, 0.0, -0.0004377240000000002], [0.0, 0.0, -0.0004377240000000002], [0.0, 0.0, -0.0004377240000000002], [0.0, 0.0, -0.0004377240000000002], [0.0, 0.0, -0.0004377240000000002], [0.0, 0.0, -0.0004377240000000002], [0.0, 0.0, -0.0004377240000000002], [0.0, 0.0, -0.0004377240000000002], [0.0, 0.0, -0.0004377240000000002], [0.0, 0.0, -0.0004377240000000002], [0.0, 0.0, -0.0004377240000000002], [0.0, 0.0, -0.0004377240000000002], [0.0, 0.0, -0.0004377240000000002], [0.0, 0.0, -0.0004377240000000002], [0.0, 0.0, -0.0004377240000000002], [0.0, 0.0, -0.0004377240000000002], [0.0, 0.0, -0.0004377240000000002], [0.0, 0.0, -0.0004377240000000002], [0.0, 0.0, -0.0004377240000000002], [0.0, 0.0, -0.0004377240000000002], [0.0, 0.0, -0.0004377240000000002], [0.0, 0.0, -0.0004377240000000002], [0.0, 0.0, -0.0004377240000000002], [0.0, 0.0, -0.0004377240000000002], [0.0, 0.0, -0.0004377240000000002], [0.0, 0.0, -0.0004377240000000002], [0.0, 0.0, -0.0004377240000000002], [0.0, 0.0, -0.0004377240000000002], [0.0, 0.0, -0.0004377240000000002], [0.0, 0.0, -0.0004377240000000002], [0.0, 0.0, -0.0004377240000000002], [0.0, 0.0, -0.0004377240000000002], [0.0, 0.0, -0.0004377240000000002], [0.0, 0.0, -0.0004377240000000002], [0.0, 0.0, -0.0004377240000000002], [0.0, 0.0, -0.0004377240000000002], [0.0, 0.0, -0.0004377240000000002], [0.0, 0.0, -0.0004377240000000002], [0.0, 0.0, -0.0004377240000000002], [0.0, 0.0, -0.0004377240000000002], [0.0, 0.0, -0.0004377240000000002], [0.0, 0.0, -0.0004377240000000002], [0.0, 0.0, -0.0004377240000000002], [0.0, 0.0, -0.0004377240000000002], [0.0, 0.0, -0.0004377240000000002], [0.0, 0.0, -0.0004377240000000002], [0.0, 0.0, -0.0004377240000000002], [0.0, 0.0, -0.0004377240000000002], [0.0, 0.0, -0.0004377240000000002], [0.0, 0.0, -0.0004377240000000002], [0.0, 0.0, -0.0004377240000000002], [0.0, 0.0, -0.0004377240000000002], [0.0, 0.0, -0.0004377240000000002], [0.0, 0.0, -0.0004377240000000002], [0.0, 0.0, -0.0004377240000000002], [0.0, 0.0, -0.0004377240000000002], [0.0, 0.0, -0.0004377240000000002], [0.0, 0.0, -0.0004377240000000002]],